13.62,4.64224e-310,4.64224e-310,6.95323e-310,4.64224e-310,6.93489e-310,6.95323e-310,6.95323e-310,6.95323e-310,1
13.63,4.64224e-310,4.64224e-310,6.95323e-310,4.64224e-310,6.93489e-310,6.95323e-310,6.95323e-310,6.95323e-310,1
13.64,4.64224e-310,4.64224e-310,6.95323e-310,4.64224e-310,6.93489e-310,6.95323e-310,6.95323e-310,6.95323e-310,1
13.65,4.64224e-310,4.64224e-310,6.95323e-310,4.64224e-310,6.93489e-310,6.95323e-310,6.95323e-310,6.95323e-310,1
13.66,4.64224e-310,4.64224e-310,6.95323e-310,4.64224e-310,6.93489e-310,6.95323e-310,6.95323e-310,6.95323e-310,1
13.67,4.64224e-310,4.64224e-310,6.95323e-310,4.64224e-310,6.93489e-310,6.95323e-310,6.95323e-310,6.95323e-310,1
13.68,4.64224e-310,4.64224e-310,6.95323e-310,4.64224e-310,6.93489e-310,6.95323e-310,6.95323e-310,6.95323e-310,1
13.69,4.64224e-310,4.64224e-310,6.95323e-310,4.64224e-310,6.93489e-310,6.95323e-310,6.95323e-310,6.95323e-310,1
13.7,4.64224e-310,4.64224e-310,6.95323e-310,4.64224e-310,6.93489e-310,6.95323e-310,6.95323e-310,6.95323e-310,1
13.71,4.64224e-310,4.64224e-310,6.95323e-310,4.64224e-310,6.93489e-310,6.95323e-310,6.95323e-310,6.95323e-310,1
13.72,4.64224e-310,4.64224e-310,6.95323e-310,4.64224e-310,6.93489e-310,6.95323e-310,6.95323e-310,6.95323e-310,1
13.73,4.64224e-310,4.64224e-310,6.95323e-310,4.64224e-310,6.93489e-310,6.95323e-310,6.95323e-310,6.95323e-310,1
13.74,4.64224e-310,4.64224e-310,6.95323e-310,4.64224e-310,6.93489e-310,6.95323e-310,6.95323e-310,6.95323e-310,1
13.75,4.64224e-310,4.64224e-310,6.95323e-310,4.64224e-310,6.93489e-310,6.95323e-310,6.95323e-310,6.95323e-310,1
13.76,4.64224e-310,4.64224e-310,6.95323e-310,4.64224e-310,6.93489e-310,6.95323e-310,6.95323e-310,6.95323e-310,1
13.77,4.64224e-310,4.64224e-310,6.95323e-310,4.64224e-310,6.93489e-310,6.95323e-310,6.95323e-310,6.95323e-310,1
13.78,4.64224e-310,4.64224e-310,6.95323e-310,4.64224e-310,6.93489e-310,6.95323e-310,6.95323e-310,6.95323e-310,1
13.79,4.64224e-310,4.64224e-310,6.95323e-310,4.64224e-310,6.93489e-310,6.95323e-310,6.95323e-310,6.95323e-310,1
13.8,4.64224e-310,4.64224e-310,6.95323e-310,4.64224e-310,6.93489e-310,6.95323e-310,6.95323e-310,6.95323e-310,1
13.81,4.64224e-310,4.64224e-310,6.95323e-310,4.64224e-310,6.93489e-310,6.95323e-310,6.95323e-310,6.95323e-310,1
13.82,4.64224e-310,4.64224e-310,6.95323e-310,4.64224e-310,6.93489e-310,6.95323e-310,6.95323e-310,6.95323e-310,1
13.83,4.64224e-310,4.64224e-310,6.95323e-310,4.64224e-310,6.93489e-310,6.95323e-310,6.95323e-310,6.95323e-310,1
13.84,4.64224e-310,4.64224e-310,6.95323e-310,4.64224e-310,6.93489e-310,6.95323e-310,6.95323e-310,6.95323e-310,1
13.85,4.64224e-310,4.64224e-310,6.95323e-310,4.64224e-310,6.93489e-310,6.95323e-310,6.95323e-310,6.95323e-310,1
13.86,4.64224e-310,4.64224e-310,6.95323e-310,4.64224e-310,6.93489e-310,6.95323e-310,6.95323e-310,6.95323e-310,1
13.87,4.64224e-310,4.64224e-310,6.95323e-310,4.64224e-310,6.93489e-310,6.95323e-310,6.95323e-310,6.95323e-310,1
13.88,4.64224e-310,4.64224e-310,6.95323e-310,4.64224e-310,6.93489e-310,6.95323e-310,6.95323e-310,6.95323e-310,1
13.89,4.64224e-310,4.64224e-310,6.95323e-310,4.64224e-310,6.93489e-310,6.95323e-310,6.95323e-310,6.95323e-310,1
13.9,4.64224e-310,4.64224e-310,6.95323e-310,4.64224e-310,6.93489e-310,6.95323e-310,6.95323e-310,6.95323e-310,1
13.91,4.64224e-310,4.64224e-310,6.95323e-310,4.64224e-310,6.93489e-310,6.95323e-310,6.95323e-310,6.95323e-310,1
13.92,4.64224e-310,4.64224e-310,6.95323e-310,4.64224e-310,6.93489e-310,6.95323e-310,6.95323e-310,6.95323e-310,1
13.93,4.64224e-310,4.64224e-310,6.95323e-310,4.64224e-310,6.93489e-310,6.95323e-310,6.95323e-310,6.95323e-310,1
13.94,4.64224e-310,4.64224e-310,6.95323e-310,4.64224e-310,6.93489e-310,6.95323e-310,6.95323e-310,6.95323e-310,1
13.95,4.64224e-310,4.64224e-310,6.95323e-310,4.64224e-310,6.93489e-310,6.95323e-310,6.95323e-310,6.95323e-310,1
13.96,4.64224e-310,4.64224e-310,6.95323e-310,4.64224e-310,6.93489e-310,6.95323e-310,6.95323e-310,6.95323e-310,1
13.97,4.64224e-310,4.64224e-310,6.95323e-310,4.64224e-310,6.93489e-310,6.95323e-310,6.95323e-310,6.95323e-310,1
13.98,4.64224e-310,4.64224e-310,6.95323e-310,4.64224e-310,6.93489e-310,6.95323e-310,6.95323e-310,6.95323e-310,1
13.99,4.64224e-310,4.64224e-310,6.95323e-310,4.64224e-310,6.93489e-310,6.95323e-310,6.95323e-310,6.95323e-310,1
14,4.64224e-310,4.64224e-310,6.95323e-310,4.64224e-310,6.93489e-310,6.95323e-310,6.95323e-310,6.95323e-310,1
14.01,4.64224e-310,4.64224e-310,6.95323e-310,4.64224e-310,6.93489e-310,6.95323e-310,6.95323e-310,6.95323e-310,1
14.02,4.64224e-310,4.64224e-310,6.95323e-310,4.64224e-310,6.93489e-310,6.95323e-310,6.95323e-310,6.95323e-310,1
14.03,4.64224e-310,4.64224e-310,6.95323e-310,4.64224e-310,6.93489e-310,6.95323e-310,6.95323e-310,6.95323e-310,1
14.04,4.64224e-310,4.64224e-310,6.95323e-310,4.64224e-310,6.93489e-310,6.95323e-310,6.95323e-310,6.95323e-310,1
14.05,4.64224e-310,4.64224e-310,6.95323e-310,4.64224e-310,6.93489e-310,6.95323e-310,6.95323e-310,6.95323e-310,1
14.06,4.64224e-310,4.64224e-310,6.95323e-310,4.64224e-310,6.93489e-310,6.95323e-310,6.95323e-310,6.95323e-310,1
14.07,4.64224e-310,4.64224e-310,6.95323e-310,4.64224e-310,6.93489e-310,6.95323e-310,6.95323e-310,6.95323e-310,1
14.08,4.64224e-310,4.64224e-310,6.95323e-310,4.64224e-310,6.93489e-310,6.95323e-310,6.95323e-310,6.95323e-310,1
14.09,4.64224e-310,4.64224e-310,6.95323e-310,4.64224e-310,6.93489e-310,6.95323e-310,6.95323e-310,6.95323e-310,1
14.1,4.64224e-310,4.64224e-310,6.95323e-310,4.64224e-310,6.93489e-310,6.95323e-310,6.95323e-310,6.95323e-310,1
14.11,4.64224e-310,4.64224e-310,6.95323e-310,4.64224e-310,6.93489e-310,6.95323e-310,6.95323e-310,6.95323e-310,1
14.12,4.64224e-310,4.64224e-310,6.95323e-310,4.64224e-310,6.93489e-310,6.95323e-310,6.95323e-310,6.95323e-310,1
14.13,4.64224e-310,4.64224e-310,6.95323e-310,4.64224e-310,6.93489e-310,6.95323e-310,6.95323e-310,6.95323e-310,1
14.14,4.64224e-310,4.64224e-310,6.95323e-310,4.64224e-310,6.93489e-310,6.95323e-310,6.95323e-310,6.95323e-310,1
14.15,4.64224e-310,4.64224e-310,6.95323e-310,4.64224e-310,6.93489e-310,6.95323e-310,6.95323e-310,6.95323e-310,1
14.16,4.64224e-310,4.64224e-310,6.95323e-310,4.64224e-310,6.93489e-310,6.95323e-310,6.95323e-310,6.95323e-310,1
14.17,4.64224e-310,4.64224e-310,6.95323e-310,4.64224e-310,6.93489e-310,6.95323e-310,6.95323e-310,6.95323e-310,1
14.18,4.64224e-310,4.64224e-310,6.95323e-310,4.64224e-310,6.93489e-310,6.95323e-310,6.95323e-310,6.95323e-310,1
14.19,4.64224e-310,4.64224e-310,6.95323e-310,4.64224e-310,6.93489e-310,6.95323e-310,6.95323e-310,6.95323e-310,1
14.2,4.64224e-310,4.64224e-310,6.95323e-310,4.64224e-310,6.93489e-310,6.95323e-310,6.95323e-310,6.95323e-310,1
14.21,4.64224e-310,4.64224e-310,6.95323e-310,4.64224e-310,6.93489e-310,6.95323e-310,6.95323e-310,6.95323e-310,1
14.22,4.64224e-310,4.64224e-310,6.95323e-310,4.64224e-310,6.93489e-310,6.95323e-310,6.95323e-310,6.95323e-310,1
14.23,4.64224e-310,4.64224e-310,6.95323e-310,4.64224e-310,6.93489e-310,6.95323e-310,6.95323e-310,6.95323e-310,1
14.24,4.64224e-310,4.64224e-310,6.95323e-310,4.64224e-310,6.93489e-310,6.95323e-310,6.95323e-310,6.95323e-310,1
14.25,4.64224e-310,4.64224e-310,6.95323e-310,4.64224e-310,6.93489e-310,6.95323e-310,6.95323e-310,6.95323e-310,1
14.26,4.64224e-310,4.64224e-310,6.95323e-310,4.64224e-310,6.93489e-310,6.95323e-310,6.95323e-310,6.95323e-310,1
14.27,4.64224e-310,4.64224e-310,6.95323e-310,4.64224e-310,6.93489e-310,6.95323e-310,6.95323e-310,6.95323e-310,1
14.28,4.64224e-310,4.64224e-310,6.95323e-310,4.64224e-310,6.93489e-310,6.95323e-310,6.95323e-310,6.95323e-310,1
14.29,4.64224e-310,4.64224e-310,6.95323e-310,4.64224e-310,6.93489e-310,6.95323e-310,6.95323e-310,6.95323e-310,1
14.3,4.64224e-310,4.64224e-310,6.95323e-310,4.64224e-310,6.93489e-310,6.95323e-310,6.95323e-310,6.95323e-310,1
14.31,4.64224e-310,4.64224e-310,6.95323e-310,4.64224e-310,6.93489e-310,6.95323e-310,6.95323e-310,6.95323e-310,1
14.32,4.64224e-310,4.64224e-310,6.95323e-310,4.64224e-310,6.93489e-310,6.95323e-310,6.95323e-310,6.95323e-310,1
14.33,4.64224e-310,4.64224e-310,6.95323e-310,4.64224e-310,6.93489e-310,6.95323e-310,6.95323e-310,6.95323e-310,1
14.34,4.64224e-310,4.64224e-310,6.95323e-310,4.64224e-310,6.93489e-310,6.95323e-310,6.95323e-310,6.95323e-310,1
14.35,4.64224e-310,4.64224e-310,6.95323e-310,4.64224e-310,6.93489e-310,6.95323e-310,6.95323e-310,6.95323e-310,1
14.36,4.64224e-310,4.64224e-310,6.95323e-310,4.64224e-310,6.93489e-310,6.95323e-310,6.95323e-310,6.95323e-310,1
14.37,4.64224e-310,4.64224e-310,6.95323e-310,4.64224e-310,6.93489e-310,6.95323e-310,6.95323e-310,6.95323e-310,1
14.38,4.64224e-310,4.64224e-310,6.95323e-310,4.64224e-310,6.93489e-310,6.95323e-310,6.95323e-310,6.95323e-310,1
14.39,4.64224e-310,4.64224e-310,6.95323e-310,4.64224e-310,6.93489e-310,6.95323e-310,6.95323e-310,6.95323e-310,1
14.4,4.64224e-310,4.64224e-310,6.95323e-310,4.64224e-310,6.93489e-310,6.95323e-310,6.95323e-310,6.95323e-310,1
14.41,4.64224e-310,4.64224e-310,6.95323e-310,4.64224e-310,6.93489e-310,6.95323e-310,6.95323e-310,6.95323e-310,1
14.42,4.64224e-310,4.64224e-310,6.95323e-310,4.64224e-310,6.93489e-310,6.95323e-310,6.95323e-310,6.95323e-310,1
14.43,4.64224e-310,4.64224e-310,6.95323e-310,4.64224e-310,6.93489e-310,6.95323e-310,6.95323e-310,6.95323e-310,1
14.44,4.64224e-310,4.64224e-310,6.95323e-310,4.64224e-310,6.93489e-310,6.95323e-310,6.95323e-310,6.95323e-310,1
14.45,4.64224e-310,4.64224e-310,6.95323e-310,4.64224e-310,6.93489e-310,6.95323e-310,6.95323e-310,6.95323e-310,1
14.46,4.64224e-310,4.64224e-310,6.95323e-310,4.64224e-310,6.93489e-310,6.95323e-310,6.95323e-310,6.95323e-310,1
14.47,4.64224e-310,4.64224e-310,6.95323e-310,4.64224e-310,6.93489e-310,6.95323e-310,6.95323e-310,6.95323e-310,1
14.48,4.64224e-310,4.64224e-310,6.95323e-310,4.64224e-310,6.93489e-310,6.95323e-310,6.95323e-310,6.95323e-310,1
14.49,4.64224e-310,4.64224e-310,6.95323e-310,4.64224e-310,6.93489e-310,6.95323e-310,6.95323e-310,6.95323e-310,1
14.5,4.64224e-310,4.64224e-310,6.95323e-310,4.64224e-310,6.93489e-310,6.95323e-310,6.95323e-310,6.95323e-310,1
14.51,4.64224e-310,4.64224e-310,6.95323e-310,4.64224e-310,6.93489e-310,6.95323e-310,6.95323e-310,6.95323e-310,1
14.52,4.64224e-310,4.64224e-310,6.95323e-310,4.64224e-310,6.93489e-310,6.95323e-310,6.95323e-310,6.95323e-310,1
14.53,4.64224e-310,4.64224e-310,6.95323e-310,4.64224e-310,6.93489e-310,6.95323e-310,6.95323e-310,6.95323e-310,1
14.54,4.64224e-310,4.64224e-310,6.95323e-310,4.64224e-310,6.93489e-310,6.95323e-310,6.95323e-310,6.95323e-310,1
14.55,4.64224e-310,4.64224e-310,6.95323e-310,4.64224e-310,6.93489e-310,6.95323e-310,6.95323e-310,6.95323e-310,1
14.56,4.64224e-310,4.64224e-310,6.95323e-310,4.64224e-310,6.93489e-310,6.95323e-310,6.95323e-310,6.95323e-310,1
14.57,4.64224e-310,4.64224e-310,6.95323e-310,4.64224e-310,6.93489e-310,6.95323e-310,6.95323e-310,6.95323e-310,1
14.58,4.64224e-310,4.64224e-310,6.95323e-310,4.64224e-310,6.93489e-310,6.95323e-310,6.95323e-310,6.95323e-310,1
14.59,4.64224e-310,4.64224e-310,6.95323e-310,4.64224e-310,6.93489e-310,6.95323e-310,6.95323e-310,6.95323e-310,1
14.6,4.64224e-310,4.64224e-310,6.95323e-310,4.64224e-310,6.93489e-310,6.95323e-310,6.95323e-310,6.95323e-310,1
14.61,4.64224e-310,4.64224e-310,6.95323e-310,4.64224e-310,6.93489e-310,6.95323e-310,6.95323e-310,6.95323e-310,1
14.62,4.64224e-310,4.64224e-310,6.95323e-310,4.64224e-310,6.93489e-310,6.95323e-310,6.95323e-310,6.95323e-310,1
14.63,4.64224e-310,4.64224e-310,6.95323e-310,4.64224e-310,6.93489e-310,6.95323e-310,6.95323e-310,6.95323e-310,1
14.64,4.64224e-310,4.64224e-310,6.95323e-310,4.64224e-310,6.93489e-310,6.95323e-310,6.95323e-310,6.95323e-310,1
14.65,4.64224e-310,4.64224e-310,6.95323e-310,4.64224e-310,6.93489e-310,6.95323e-310,6.95323e-310,6.95323e-310,1
14.66,4.64224e-310,4.64224e-310,6.95323e-310,4.64224e-310,6.93489e-310,6.95323e-310,6.95323e-310,6.95323e-310,1
14.67,4.64224e-310,4.64224e-310,6.95323e-310,4.64224e-310,6.93489e-310,6.95323e-310,6.95323e-310,6.95323e-310,1
14.68,4.64224e-310,4.64224e-310,6.95323e-310,4.64224e-310,6.93489e-310,6.95323e-310,6.95323e-310,6.95323e-310,1
14.69,4.64224e-310,4.64224e-310,6.95323e-310,4.64224e-310,6.93489e-310,6.95323e-310,6.95323e-310,6.95323e-310,1
14.7,4.64224e-310,4.64224e-310,6.95323e-310,4.64224e-310,6.93489e-310,6.95323e-310,6.95323e-310,6.95323e-310,1
14.71,4.64224e-310,4.64224e-310,6.95323e-310,4.64224e-310,6.93489e-310,6.95323e-310,6.95323e-310,6.95323e-310,1
14.72,4.64224e-310,4.64224e-310,6.95323e-310,4.64224e-310,6.93489e-310,6.95323e-310,6.95323e-310,6.95323e-310,1
14.73,4.64224e-310,4.64224e-310,6.95323e-310,4.64224e-310,6.93489e-310,6.95323e-310,6.95323e-310,6.95323e-310,1
14.74,4.64224e-310,4.64224e-310,6.95323e-310,4.64224e-310,6.93489e-310,6.95323e-310,6.95323e-310,6.95323e-310,1
14.75,4.64224e-310,4.64224e-310,6.95323e-310,4.64224e-310,6.93489e-310,6.95323e-310,6.95323e-310,6.95323e-310,1
14.76,4.64224e-310,4.64224e-310,6.95323e-310,4.64224e-310,6.93489e-310,6.95323e-310,6.95323e-310,6.95323e-310,1
14.77,4.64224e-310,4.64224e-310,6.95323e-310,4.64224e-310,6.93489e-310,6.95323e-310,6.95323e-310,6.95323e-310,1
14.78,4.64224e-310,4.64224e-310,6.95323e-310,4.64224e-310,6.93489e-310,6.95323e-310,6.95323e-310,6.95323e-310,1
14.79,4.64224e-310,4.64224e-310,6.95323e-310,4.64224e-310,6.93489e-310,6.95323e-310,6.95323e-310,6.95323e-310,1
14.8,4.64224e-310,4.64224e-310,6.95323e-310,4.64224e-310,6.93489e-310,6.95323e-310,6.95323e-310,6.95323e-310,1
14.81,4.64224e-310,4.64224e-310,6.95323e-310,4.64224e-310,6.93489e-310,6.95323e-310,6.95323e-310,6.95323e-310,1
14.82,4.64224e-310,4.64224e-310,6.95323e-310,4.64224e-310,6.93489e-310,6.95323e-310,6.95323e-310,6.95323e-310,1
14.83,4.64224e-310,4.64224e-310,6.95323e-310,4.64224e-310,6.93489e-310,6.95323e-310,6.95323e-310,6.95323e-310,1
14.84,4.64224e-310,4.64224e-310,6.95323e-310,4.64224e-310,6.93489e-310,6.95323e-310,6.95323e-310,6.95323e-310,1
14.85,4.64224e-310,4.64224e-310,6.95323e-310,4.64224e-310,6.93489e-310,6.95323e-310,6.95323e-310,6.95323e-310,1
14.86,4.64224e-310,4.64224e-310,6.95323e-310,4.64224e-310,6.93489e-310,6.95323e-310,6.95323e-310,6.95323e-310,1
14.87,4.64224e-310,4.64224e-310,6.95323e-310,4.64224e-310,6.93489e-310,6.95323e-310,6.95323e-310,6.95323e-310,1
14.88,4.64224e-310,4.64224e-310,6.95323e-310,4.64224e-310,6.93489e-310,6.95323e-310,6.95323e-310,6.95323e-310,1
14.89,4.64224e-310,4.64224e-310,6.95323e-310,4.64224e-310,6.93489e-310,6.95323e-310,6.95323e-310,6.95323e-310,1
14.9,4.64224e-310,4.64224e-310,6.95323e-310,4.64224e-310,6.93489e-310,6.95323e-310,6.95323e-310,6.95323e-310,1
14.91,4.64224e-310,4.64224e-310,6.95323e-310,4.64224e-310,6.93489e-310,6.95323e-310,6.95323e-310,6.95323e-310,1
14.92,4.64224e-310,4.64224e-310,6.95323e-310,4.64224e-310,6.93489e-310,6.95323e-310,6.95323e-310,6.95323e-310,1
14.93,4.64224e-310,4.64224e-310,6.95323e-310,4.64224e-310,6.93489e-310,6.95323e-310,6.95323e-310,6.95323e-310,1
14.94,4.64224e-310,4.64224e-310,6.95323e-310,4.64224e-310,6.93489e-310,6.95323e-310,6.95323e-310,6.95323e-310,1
14.95,4.64224e-310,4.64224e-310,6.95323e-310,4.64224e-310,6.93489e-310,6.95323e-310,6.95323e-310,6.95323e-310,1
14.96,4.64224e-310,4.64224e-310,6.95323e-310,4.64224e-310,6.93489e-310,6.95323e-310,6.95323e-310,6.95323e-310,1
14.97,4.64224e-310,4.64224e-310,6.95323e-310,4.64224e-310,6.93489e-310,6.95323e-310,6.95323e-310,6.95323e-310,1
14.98,4.64224e-310,4.64224e-310,6.95323e-310,4.64224e-310,6.93489e-310,6.95323e-310,6.95323e-310,6.95323e-310,1
14.99,4.64224e-310,4.64224e-310,6.95323e-310,4.64224e-310,6.93489e-310,6.95323e-310,6.95323e-310,6.95323e-310,1
15,4.64224e-310,4.64224e-310,6.95323e-310,4.64224e-310,6.93489e-310,6.95323e-310,6.95323e-310,6.95323e-310,1
15.01,4.64224e-310,4.64224e-310,6.95323e-310,4.64224e-310,6.93489e-310,6.95323e-310,6.95323e-310,6.95323e-310,1
15.02,4.64224e-310,4.64224e-310,6.95323e-310,4.64224e-310,6.93489e-310,6.95323e-310,6.95323e-310,6.95323e-310,1
15.03,4.64224e-310,4.64224e-310,6.95323e-310,4.64224e-310,6.93489e-310,6.95323e-310,6.95323e-310,6.95323e-310,1
15.04,4.64224e-310,4.64224e-310,6.95323e-310,4.64224e-310,6.93489e-310,6.95323e-310,6.95323e-310,6.95323e-310,1
15.05,4.64224e-310,4.64224e-310,6.95323e-310,4.64224e-310,6.93489e-310,6.95323e-310,6.95323e-310,6.95323e-310,1
15.06,4.64224e-310,4.64224e-310,6.95323e-310,4.64224e-310,6.93489e-310,6.95323e-310,6.95323e-310,6.95323e-310,1
15.07,4.64224e-310,4.64224e-310,6.95323e-310,4.64224e-310,6.93489e-310,6.95323e-310,6.95323e-310,6.95323e-310,1
15.08,4.64224e-310,4.64224e-310,6.95323e-310,4.64224e-310,6.93489e-310,6.95323e-310,6.95323e-310,6.95323e-310,1
15.09,4.64224e-310,4.64224e-310,6.95323e-310,4.64224e-310,6.93489e-310,6.95323e-310,6.95323e-310,6.95323e-310,1
15.1,4.64224e-310,4.64224e-310,6.95323e-310,4.64224e-310,6.93489e-310,6.95323e-310,6.95323e-310,6.95323e-310,1
15.11,4.64224e-310,4.64224e-310,6.95323e-310,4.64224e-310,6.93489e-310,6.95323e-310,6.95323e-310,6.95323e-310,1
15.12,4.64224e-310,4.64224e-310,6.95323e-310,4.64224e-310,6.93489e-310,6.95323e-310,6.95323e-310,6.95323e-310,1
15.13,4.64224e-310,4.64224e-310,6.95323e-310,4.64224e-310,6.93489e-310,6.95323e-310,6.95323e-310,6.95323e-310,1
15.14,4.64224e-310,4.64224e-310,6.95323e-310,4.64224e-310,6.93489e-310,6.95323e-310,6.95323e-310,6.95323e-310,1
15.15,4.64224e-310,4.64224e-310,6.95323e-310,4.64224e-310,6.93489e-310,6.95323e-310,6.95323e-310,6.95323e-310,1
15.16,4.64224e-310,4.64224e-310,6.95323e-310,4.64224e-310,6.93489e-310,6.95323e-310,6.95323e-310,6.95323e-310,1
15.17,4.64224e-310,4.64224e-310,6.95323e-310,4.64224e-310,6.93489e-310,6.95323e-310,6.95323e-310,6.95323e-310,1
15.18,4.64224e-310,4.64224e-310,6.95323e-310,4.64224e-310,6.93489e-310,6.95323e-310,6.95323e-310,6.95323e-310,1
15.19,4.64224e-310,4.64224e-310,6.95323e-310,4.64224e-310,6.93489e-310,6.95323e-310,6.95323e-310,6.95323e-310,1
15.2,4.64224e-310,4.64224e-310,6.95323e-310,4.64224e-310,6.93489e-310,6.95323e-310,6.95323e-310,6.95323e-310,1
15.21,4.64224e-310,4.64224e-310,6.95323e-310,4.64224e-310,6.93489e-310,6.95323e-310,6.95323e-310,6.95323e-310,1
15.22,4.64224e-310,4.64224e-310,6.95323e-310,4.64224e-310,6.93489e-310,6.95323e-310,6.95323e-310,6.95323e-310,1
15.23,4.64224e-310,4.64224e-310,6.95323e-310,4.64224e-310,6.93489e-310,6.95323e-310,6.95323e-310,6.95323e-310,1
15.24,4.64224e-310,4.64224e-310,6.95323e-310,4.64224e-310,6.93489e-310,6.95323e-310,6.95323e-310,6.95323e-310,1
15.25,4.64224e-310,4.64224e-310,6.95323e-310,4.64224e-310,6.93489e-310,6.95323e-310,6.95323e-310,6.95323e-310,1
15.26,4.64224e-310,4.64224e-310,6.95323e-310,4.64224e-310,6.93489e-310,6.95323e-310,6.95323e-310,6.95323e-310,1
15.27,4.64224e-310,4.64224e-310,6.95323e-310,4.64224e-310,6.93489e-310,6.95323e-310,6.95323e-310,6.95323e-310,1
15.28,4.64224e-310,4.64224e-310,6.95323e-310,4.64224e-310,6.93489e-310,6.95323e-310,6.95323e-310,6.95323e-310,1
15.29,4.64224e-310,4.64224e-310,6.95323e-310,4.64224e-310,6.93489e-310,6.95323e-310,6.95323e-310,6.95323e-310,1
15.3,4.64224e-310,4.64224e-310,6.95323e-310,4.64224e-310,6.93489e-310,6.95323e-310,6.95323e-310,6.95323e-310,1
15.31,4.64224e-310,4.64224e-310,6.95323e-310,4.64224e-310,6.93489e-310,6.95323e-310,6.95323e-310,6.95323e-310,1
15.32,4.64224e-310,4.64224e-310,6.95323e-310,4.64224e-310,6.93489e-310,6.95323e-310,6.95323e-310,6.95323e-310,1
15.33,4.64224e-310,4.64224e-310,6.95323e-310,4.64224e-310,6.93489e-310,6.95323e-310,6.95323e-310,6.95323e-310,1
15.34,4.64224e-310,4.64224e-310,6.95323e-310,4.64224e-310,6.93489e-310,6.95323e-310,6.95323e-310,6.95323e-310,1
15.35,4.64224e-310,4.64224e-310,6.95323e-310,4.64224e-310,6.93489e-310,6.95323e-310,6.95323e-310,6.95323e-310,1
15.36,4.64224e-310,4.64224e-310,6.95323e-310,4.64224e-310,6.93489e-310,6.95323e-310,6.95323e-310,6.95323e-310,1
15.37,4.64224e-310,4.64224e-310,6.95323e-310,4.64224e-310,6.93489e-310,6.95323e-310,6.95323e-310,6.95323e-310,1
15.38,4.64224e-310,4.64224e-310,6.95323e-310,4.64224e-310,6.93489e-310,6.95323e-310,6.95323e-310,6.95323e-310,1
15.39,4.64224e-310,4.64224e-310,6.95323e-310,4.64224e-310,6.93489e-310,6.95323e-310,6.95323e-310,6.95323e-310,1
15.4,4.64224e-310,4.64224e-310,6.95323e-310,4.64224e-310,6.93489e-310,6.95323e-310,6.95323e-310,6.95323e-310,1
15.41,4.64224e-310,4.64224e-310,6.95323e-310,4.64224e-310,6.93489e-310,6.95323e-310,6.95323e-310,6.95323e-310,1
15.42,4.64224e-310,4.64224e-310,6.95323e-310,4.64224e-310,6.93489e-310,6.95323e-310,6.95323e-310,6.95323e-310,1
15.43,4.64224e-310,4.64224e-310,6.95323e-310,4.64224e-310,6.93489e-310,6.95323e-310,6.95323e-310,6.95323e-310,1
15.44,4.64224e-310,4.64224e-310,6.95323e-310,4.64224e-310,6.93489e-310,6.95323e-310,6.95323e-310,6.95323e-310,1
15.45,4.64224e-310,4.64224e-310,6.95323e-310,4.64224e-310,6.93489e-310,6.95323e-310,6.95323e-310,6.95323e-310,1
15.46,4.64224e-310,4.64224e-310,6.95323e-310,4.64224e-310,6.93489e-310,6.95323e-310,6.95323e-310,6.95323e-310,1
15.47,4.64224e-310,4.64224e-310,6.95323e-310,4.64224e-310,6.93489e-310,6.95323e-310,6.95323e-310,6.95323e-310,1
15.48,4.64224e-310,4.64224e-310,6.95323e-310,4.64224e-310,6.93489e-310,6.95323e-310,6.95323e-310,6.95323e-310,1
15.49,4.64224e-310,4.64224e-310,6.95323e-310,4.64224e-310,6.93489e-310,6.95323e-310,6.95323e-310,6.95323e-310,1
15.5,4.64224e-310,4.64224e-310,6.95323e-310,4.64224e-310,6.93489e-310,6.95323e-310,6.95323e-310,6.95323e-310,1
15.51,4.64224e-310,4.64224e-310,6.95323e-310,4.64224e-310,6.93489e-310,6.95323e-310,6.95323e-310,6.95323e-310,1
15.52,4.64224e-310,4.64224e-310,6.95323e-310,4.64224e-310,6.93489e-310,6.95323e-310,6.95323e-310,6.95323e-310,1
15.53,4.64224e-310,4.64224e-310,6.95323e-310,4.64224e-310,6.93489e-310,6.95323e-310,6.95323e-310,6.95323e-310,1
15.54,4.64224e-310,4.64224e-310,6.95323e-310,4.64224e-310,6.93489e-310,6.95323e-310,6.95323e-310,6.95323e-310,1
15.55,4.64224e-310,4.64224e-310,6.95323e-310,4.64224e-310,6.93489e-310,6.95323e-310,6.95323e-310,6.95323e-310,1
15.56,4.64224e-310,4.64224e-310,6.95323e-310,4.64224e-310,6.93489e-310,6.95323e-310,6.95323e-310,6.95323e-310,1
15.57,4.64224e-310,4.64224e-310,6.95323e-310,4.64224e-310,6.93489e-310,6.95323e-310,6.95323e-310,6.95323e-310,1
15.58,4.64224e-310,4.64224e-310,6.95323e-310,4.64224e-310,6.93489e-310,6.95323e-310,6.95323e-310,6.95323e-310,1
15.59,4.64224e-310,4.64224e-310,6.95323e-310,4.64224e-310,6.93489e-310,6.95323e-310,6.95323e-310,6.95323e-310,1
15.6,4.64224e-310,4.64224e-310,6.95323e-310,4.64224e-310,6.93489e-310,6.95323e-310,6.95323e-310,6.95323e-310,1
15.61,4.64224e-310,4.64224e-310,6.95323e-310,4.64224e-310,6.93489e-310,6.95323e-310,6.95323e-310,6.95323e-310,1
15.62,4.64224e-310,4.64224e-310,6.95323e-310,4.64224e-310,6.93489e-310,6.95323e-310,6.95323e-310,6.95323e-310,1
15.63,4.64224e-310,4.64224e-310,6.95323e-310,4.64224e-310,6.93489e-310,6.95323e-310,6.95323e-310,6.95323e-310,1
15.64,4.64224e-310,4.64224e-310,6.95323e-310,4.64224e-310,6.93489e-310,6.95323e-310,6.95323e-310,6.95323e-310,1
15.65,4.64224e-310,4.64224e-310,6.95323e-310,4.64224e-310,6.93489e-310,6.95323e-310,6.95323e-310,6.95323e-310,1
15.66,4.64224e-310,4.64224e-310,6.95323e-310,4.64224e-310,6.93489e-310,6.95323e-310,6.95323e-310,6.95323e-310,1
15.67,4.64224e-310,4.64224e-310,6.95323e-310,4.64224e-310,6.93489e-310,6.95323e-310,6.95323e-310,6.95323e-310,1
15.68,4.64224e-310,4.64224e-310,6.95323e-310,4.64224e-310,6.93489e-310,6.95323e-310,6.95323e-310,6.95323e-310,1
15.69,4.64224e-310,4.64224e-310,6.95323e-310,4.64224e-310,6.93489e-310,6.95323e-310,6.95323e-310,6.95323e-310,1
15.7,4.64224e-310,4.64224e-310,6.95323e-310,4.64224e-310,6.93489e-310,6.95323e-310,6.95323e-310,6.95323e-310,1
15.71,4.64224e-310,4.64224e-310,6.95323e-310,4.64224e-310,6.93489e-310,6.95323e-310,6.95323e-310,6.95323e-310,1
15.72,4.64224e-310,4.64224e-310,6.95323e-310,4.64224e-310,6.93489e-310,6.95323e-310,6.95323e-310,6.95323e-310,1
15.73,4.64224e-310,4.64224e-310,6.95323e-310,4.64224e-310,6.93489e-310,6.95323e-310,6.95323e-310,6.95323e-310,1
15.74,4.64224e-310,4.64224e-310,6.95323e-310,4.64224e-310,6.93489e-310,6.95323e-310,6.95323e-310,6.95323e-310,1
15.75,4.64224e-310,4.64224e-310,6.95323e-310,4.64224e-310,6.93489e-310,6.95323e-310,6.95323e-310,6.95323e-310,1
15.76,4.64224e-310,4.64224e-310,6.95323e-310,4.64224e-310,6.93489e-310,6.95323e-310,6.95323e-310,6.95323e-310,1
15.77,4.64224e-310,4.64224e-310,6.95323e-310,4.64224e-310,6.93489e-310,6.95323e-310,6.95323e-310,6.95323e-310,1
15.78,4.64224e-310,4.64224e-310,6.95323e-310,4.64224e-310,6.93489e-310,6.95323e-310,6.95323e-310,6.95323e-310,1
15.79,4.64224e-310,4.64224e-310,6.95323e-310,4.64224e-310,6.93489e-310,6.95323e-310,6.95323e-310,6.95323e-310,1
15.8,4.64224e-310,4.64224e-310,6.95323e-310,4.64224e-310,6.93489e-310,6.95323e-310,6.95323e-310,6.95323e-310,1
15.81,4.64224e-310,4.64224e-310,6.95323e-310,4.64224e-310,6.93489e-310,6.95323e-310,6.95323e-310,6.95323e-310,1
15.82,4.64224e-310,4.64224e-310,6.95323e-310,4.64224e-310,6.93489e-310,6.95323e-310,6.95323e-310,6.95323e-310,1
15.83,4.64224e-310,4.64224e-310,6.95323e-310,4.64224e-310,6.93489e-310,6.95323e-310,6.95323e-310,6.95323e-310,1
15.84,4.64224e-310,4.64224e-310,6.95323e-310,4.64224e-310,6.93489e-310,6.95323e-310,6.95323e-310,6.95323e-310,1
15.85,4.64224e-310,4.64224e-310,6.95323e-310,4.64224e-310,6.93489e-310,6.95323e-310,6.95323e-310,6.95323e-310,1
15.86,4.64224e-310,4.64224e-310,6.95323e-310,4.64224e-310,6.93489e-310,6.95323e-310,6.95323e-310,6.95323e-310,1
15.87,4.64224e-310,4.64224e-310,6.95323e-310,4.64224e-310,6.93489e-310,6.95323e-310,6.95323e-310,6.95323e-310,1
15.88,4.64224e-310,4.64224e-310,6.95323e-310,4.64224e-310,6.93489e-310,6.95323e-310,6.95323e-310,6.95323e-310,1
15.89,4.64224e-310,4.64224e-310,6.95323e-310,4.64224e-310,6.93489e-310,6.95323e-310,6.95323e-310,6.95323e-310,1
15.9,4.64224e-310,4.64224e-310,6.95323e-310,4.64224e-310,6.93489e-310,6.95323e-310,6.95323e-310,6.95323e-310,1
15.91,4.64224e-310,4.64224e-310,6.95323e-310,4.64224e-310,6.93489e-310,6.95323e-310,6.95323e-310,6.95323e-310,1
15.92,4.64224e-310,4.64224e-310,6.95323e-310,4.64224e-310,6.93489e-310,6.95323e-310,6.95323e-310,6.95323e-310,1
15.93,4.64224e-310,4.64224e-310,6.95323e-310,4.64224e-310,6.93489e-310,6.95323e-310,6.95323e-310,6.95323e-310,1
15.94,4.64224e-310,4.64224e-310,6.95323e-310,4.64224e-310,6.93489e-310,6.95323e-310,6.95323e-310,6.95323e-310,1
15.95,4.64224e-310,4.64224e-310,6.95323e-310,4.64224e-310,6.93489e-310,6.95323e-310,6.95323e-310,6.95323e-310,1
15.96,4.64224e-310,4.64224e-310,6.95323e-310,4.64224e-310,6.93489e-310,6.95323e-310,6.95323e-310,6.95323e-310,1
15.97,4.64224e-310,4.64224e-310,6.95323e-310,4.64224e-310,6.93489e-310,6.95323e-310,6.95323e-310,6.95323e-310,1
15.98,4.64224e-310,4.64224e-310,6.95323e-310,4.64224e-310,6.93489e-310,6.95323e-310,6.95323e-310,6.95323e-310,1
15.99,4.64224e-310,4.64224e-310,6.95323e-310,4.64224e-310,6.93489e-310,6.95323e-310,6.95323e-310,6.95323e-310,1
16,4.64224e-310,4.64224e-310,6.95323e-310,4.64224e-310,6.93489e-310,6.95323e-310,6.95323e-310,6.95323e-310,1
16.01,4.64224e-310,4.64224e-310,6.95323e-310,4.64224e-310,6.93489e-310,6.95323e-310,6.95323e-310,6.95323e-310,1
16.02,4.64224e-310,4.64224e-310,6.95323e-310,4.64224e-310,6.93489e-310,6.95323e-310,6.95323e-310,6.95323e-310,1
16.03,4.64224e-310,4.64224e-310,6.95323e-310,4.64224e-310,6.93489e-310,6.95323e-310,6.95323e-310,6.95323e-310,1
16.04,4.64224e-310,4.64224e-310,6.95323e-310,4.64224e-310,6.93489e-310,6.95323e-310,6.95323e-310,6.95323e-310,1
16.05,4.64224e-310,4.64224e-310,6.95323e-310,4.64224e-310,6.93489e-310,6.95323e-310,6.95323e-310,6.95323e-310,1
16.06,4.64224e-310,4.64224e-310,6.95323e-310,4.64224e-310,6.93489e-310,6.95323e-310,6.95323e-310,6.95323e-310,1
16.07,4.64224e-310,4.64224e-310,6.95323e-310,4.64224e-310,6.93489e-310,6.95323e-310,6.95323e-310,6.95323e-310,1
16.08,4.64224e-310,4.64224e-310,6.95323e-310,4.64224e-310,6.93489e-310,6.95323e-310,6.95323e-310,6.95323e-310,1
16.09,4.64224e-310,4.64224e-310,6.95323e-310,4.64224e-310,6.93489e-310,6.95323e-310,6.95323e-310,6.95323e-310,1
16.1,4.64224e-310,4.64224e-310,6.95323e-310,4.64224e-310,6.93489e-310,6.95323e-310,6.95323e-310,6.95323e-310,1
16.11,4.64224e-310,4.64224e-310,6.95323e-310,4.64224e-310,6.93489e-310,6.95323e-310,6.95323e-310,6.95323e-310,1
16.12,4.64224e-310,4.64224e-310,6.95323e-310,4.64224e-310,6.93489e-310,6.95323e-310,6.95323e-310,6.95323e-310,1
16.13,4.64224e-310,4.64224e-310,6.95323e-310,4.64224e-310,6.93489e-310,6.95323e-310,6.95323e-310,6.95323e-310,1
16.14,4.64224e-310,4.64224e-310,6.95323e-310,4.64224e-310,6.93489e-310,6.95323e-310,6.95323e-310,6.95323e-310,1
16.15,4.64224e-310,4.64224e-310,6.95323e-310,4.64224e-310,6.93489e-310,6.95323e-310,6.95323e-310,6.95323e-310,1
16.16,4.64224e-310,4.64224e-310,6.95323e-310,4.64224e-310,6.93489e-310,6.95323e-310,6.95323e-310,6.95323e-310,1
16.17,4.64224e-310,4.64224e-310,6.95323e-310,4.64224e-310,6.93489e-310,6.95323e-310,6.95323e-310,6.95323e-310,1
16.18,4.64224e-310,4.64224e-310,6.95323e-310,4.64224e-310,6.93489e-310,6.95323e-310,6.95323e-310,6.95323e-310,1
16.19,4.64224e-310,4.64224e-310,6.95323e-310,4.64224e-310,6.93489e-310,6.95323e-310,6.95323e-310,6.95323e-310,1
16.2,4.64224e-310,4.64224e-310,6.95323e-310,4.64224e-310,6.93489e-310,6.95323e-310,6.95323e-310,6.95323e-310,1
16.21,4.64224e-310,4.64224e-310,6.95323e-310,4.64224e-310,6.93489e-310,6.95323e-310,6.95323e-310,6.95323e-310,1
16.22,4.64224e-310,4.64224e-310,6.95323e-310,4.64224e-310,6.93489e-310,6.95323e-310,6.95323e-310,6.95323e-310,1
16.23,4.64224e-310,4.64224e-310,6.95323e-310,4.64224e-310,6.93489e-310,6.95323e-310,6.95323e-310,6.95323e-310,1
16.24,4.64224e-310,4.64224e-310,6.95323e-310,4.64224e-310,6.93489e-310,6.95323e-310,6.95323e-310,6.95323e-310,1
16.25,4.64224e-310,4.64224e-310,6.95323e-310,4.64224e-310,6.93489e-310,6.95323e-310,6.95323e-310,6.95323e-310,1
16.26,4.64224e-310,4.64224e-310,6.95323e-310,4.64224e-310,6.93489e-310,6.95323e-310,6.95323e-310,6.95323e-310,1
16.27,4.64224e-310,4.64224e-310,6.95323e-310,4.64224e-310,6.93489e-310,6.95323e-310,6.95323e-310,6.95323e-310,1
16.28,4.64224e-310,4.64224e-310,6.95323e-310,4.64224e-310,6.93489e-310,6.95323e-310,6.95323e-310,6.95323e-310,1
16.29,4.64224e-310,4.64224e-310,6.95323e-310,4.64224e-310,6.93489e-310,6.95323e-310,6.95323e-310,6.95323e-310,1
16.3,4.64224e-310,4.64224e-310,6.95323e-310,4.64224e-310,6.93489e-310,6.95323e-310,6.95323e-310,6.95323e-310,1
16.31,4.64224e-310,4.64224e-310,6.95323e-310,4.64224e-310,6.93489e-310,6.95323e-310,6.95323e-310,6.95323e-310,1
16.32,4.64224e-310,4.64224e-310,6.95323e-310,4.64224e-310,6.93489e-310,6.95323e-310,6.95323e-310,6.95323e-310,1
16.33,4.64224e-310,4.64224e-310,6.95323e-310,4.64224e-310,6.93489e-310,6.95323e-310,6.95323e-310,6.95323e-310,1
16.34,4.64224e-310,4.64224e-310,6.95323e-310,4.64224e-310,6.93489e-310,6.95323e-310,6.95323e-310,6.95323e-310,1
16.35,4.64224e-310,4.64224e-310,6.95323e-310,4.64224e-310,6.93489e-310,6.95323e-310,6.95323e-310,6.95323e-310,1
16.36,4.64224e-310,4.64224e-310,6.95323e-310,4.64224e-310,6.93489e-310,6.95323e-310,6.95323e-310,6.95323e-310,1
16.37,4.64224e-310,4.64224e-310,6.95323e-310,4.64224e-310,6.93489e-310,6.95323e-310,6.95323e-310,6.95323e-310,1
16.38,4.64224e-310,4.64224e-310,6.95323e-310,4.64224e-310,6.93489e-310,6.95323e-310,6.95323e-310,6.95323e-310,1
16.39,4.64224e-310,4.64224e-310,6.95323e-310,4.64224e-310,6.93489e-310,6.95323e-310,6.95323e-310,6.95323e-310,1
16.4,4.64224e-310,4.64224e-310,6.95323e-310,4.64224e-310,6.93489e-310,6.95323e-310,6.95323e-310,6.95323e-310,1
16.41,4.64224e-310,4.64224e-310,6.95323e-310,4.64224e-310,6.93489e-310,6.95323e-310,6.95323e-310,6.95323e-310,1
16.42,4.64224e-310,4.64224e-310,6.95323e-310,4.64224e-310,6.93489e-310,6.95323e-310,6.95323e-310,6.95323e-310,1
16.43,4.64224e-310,4.64224e-310,6.95323e-310,4.64224e-310,6.93489e-310,6.95323e-310,6.95323e-310,6.95323e-310,1
16.44,4.64224e-310,4.64224e-310,6.95323e-310,4.64224e-310,6.93489e-310,6.95323e-310,6.95323e-310,6.95323e-310,1
16.45,4.64224e-310,4.64224e-310,6.95323e-310,4.64224e-310,6.93489e-310,6.95323e-310,6.95323e-310,6.95323e-310,1
16.46,4.64224e-310,4.64224e-310,6.95323e-310,4.64224e-310,6.93489e-310,6.95323e-310,6.95323e-310,6.95323e-310,1
16.47,4.64224e-310,4.64224e-310,6.95323e-310,4.64224e-310,6.93489e-310,6.95323e-310,6.95323e-310,6.95323e-310,1
16.48,4.64224e-310,4.64224e-310,6.95323e-310,4.64224e-310,6.93489e-310,6.95323e-310,6.95323e-310,6.95323e-310,1
16.49,4.64224e-310,4.64224e-310,6.95323e-310,4.64224e-310,6.93489e-310,6.95323e-310,6.95323e-310,6.95323e-310,1
16.5,4.64224e-310,4.64224e-310,6.95323e-310,4.64224e-310,6.93489e-310,6.95323e-310,6.95323e-310,6.95323e-310,1
16.51,4.64224e-310,4.64224e-310,6.95323e-310,4.64224e-310,6.93489e-310,6.95323e-310,6.95323e-310,6.95323e-310,1
16.52,4.64224e-310,4.64224e-310,6.95323e-310,4.64224e-310,6.93489e-310,6.95323e-310,6.95323e-310,6.95323e-310,1
16.53,4.64224e-310,4.64224e-310,6.95323e-310,4.64224e-310,6.93489e-310,6.95323e-310,6.95323e-310,6.95323e-310,1
16.54,4.64224e-310,4.64224e-310,6.95323e-310,4.64224e-310,6.93489e-310,6.95323e-310,6.95323e-310,6.95323e-310,1
16.55,4.64224e-310,4.64224e-310,6.95323e-310,4.64224e-310,6.93489e-310,6.95323e-310,6.95323e-310,6.95323e-310,1
16.56,4.64224e-310,4.64224e-310,6.95323e-310,4.64224e-310,6.93489e-310,6.95323e-310,6.95323e-310,6.95323e-310,1
16.57,4.64224e-310,4.64224e-310,6.95323e-310,4.64224e-310,6.93489e-310,6.95323e-310,6.95323e-310,6.95323e-310,1
16.58,4.64224e-310,4.64224e-310,6.95323e-310,4.64224e-310,6.93489e-310,6.95323e-310,6.95323e-310,6.95323e-310,1
16.59,4.64224e-310,4.64224e-310,6.95323e-310,4.64224e-310,6.93489e-310,6.95323e-310,6.95323e-310,6.95323e-310,1
16.6,4.64224e-310,4.64224e-310,6.95323e-310,4.64224e-310,6.93489e-310,6.95323e-310,6.95323e-310,6.95323e-310,1
16.61,4.64224e-310,4.64224e-310,6.95323e-310,4.64224e-310,6.93489e-310,6.95323e-310,6.95323e-310,6.95323e-310,1
16.62,4.64224e-310,4.64224e-310,6.95323e-310,4.64224e-310,6.93489e-310,6.95323e-310,6.95323e-310,6.95323e-310,3
16.63,0.393331,0.393288,-0.393681,-0.393665,0,0,0,0,3
16.64,0.394117,0.394073,-0.394467,-0.39445,0,0,0,0,3
16.65,0.380632,0.386213,-0.383918,-0.38381,0,0,0,0,3
16.66,0.387554,0.388541,-0.387824,-0.38832,0,0,0,0,3
16.67,0.396445,0.396415,-0.396697,-0.39672,0,0,0,0,3
16.68,0.396651,0.396265,-0.396634,-0.396792,0,0,0,0,3
16.69,0.388508,0.389016,-0.38852,-0.389078,0,0,0,0,3
16.7,0.388145,0.388996,-0.388406,-0.388773,0,0,0,0,3
16.71,0.396745,0.396698,-0.396923,-0.396827,0,0,0,0,3
16.72,0.398477,0.398021,-0.398357,-0.39842,0,0,0,0,3
16.73,0.390705,0.391071,-0.390634,-0.391145,0,0,0,0,3
16.74,0.388811,0.389586,-0.389,-0.389323,0,0,0,0,3
16.75,0.396829,0.396791,-0.39692,-0.39674,0,0,0,0,3
16.76,0.399963,0.399452,-0.399726,-0.399693,0,0,0,0,3
16.77,0.392845,0.393078,-0.39263,-0.393095,0,0,0,0,3
16.78,0.389561,0.390274,-0.389606,-0.389917,0,0,0,0,3
16.79,0.396732,0.396718,-0.396692,-0.396455,0,0,0,0,3
16.8,0.401097,0.400543,-0.400705,-0.40057,0,0,0,0,3
16.81,0.39487,0.394976,-0.394443,-0.394854,0,0,0,0,3
16.82,0.390384,0.391042,-0.390198,-0.390518,0,0,0,0,3
16.83,0.396489,0.39651,-0.396238,-0.39597,0,0,0,0,3
16.84,0.401873,0.401286,-0.40125,-0.401011,0,0,0,0,3
16.85,0.396729,0.39671,-0.395997,-0.396341,0,0,0,0,3
16.86,0.391263,0.391865,-0.390733,-0.391071,0,0,0,0,3
16.87,0.396123,0.396194,-0.395544,-0.395276,0,0,0,0,3
16.88,0.402287,0.401683,-0.401315,-0.40098,0,0,0,0,3
16.89,0.398377,0.398231,-0.397207,-0.397463,0,0,0,0,3
16.9,0.392179,0.392724,-0.391144,-0.391507,0,0,0,0,3
16.91,0.395672,0.395803,-0.394588,-0.394352,0,0,0,0,3
16.92,0.402354,0.401748,-0.400854,-0.400436,0,0,0,0,3
16.93,0.399778,0.3995,-0.397978,-0.398126,0,0,0,0,3
16.94,0.393122,0.393591,-0.391364,-0.391737,0,0,0,0,3
16.95,0.395174,0.395374,-0.393345,-0.393168,0,0,0,0,3
16.96,0.402101,0.401516,-0.399822,-0.39935,0,0,0,0,3
16.97,0.400908,0.400503,-0.398216,-0.398251,0,0,0,0,3
16.98,0.394078,0.39446,-0.391314,-0.39169,0,0,0,0,3
16.99,0.394681,0.39495,-0.391804,-0.39171,0,0,0,0,3
17,0.401578,0.401038,-0.398209,-0.397721,0,0,0,0,3
17.01,0.401762,0.40124,-0.397862,-0.397794,0,0,0,0,3
17.02,0.395049,0.395322,-0.390953,-0.391321,0,0,0,0,3
17.03,0.394249,0.394582,-0.39,-0.390011,0,0,0,0,3
17.04,0.400843,0.400385,-0.396073,-0.395632,0,0,0,0,3
17.05,0.402343,0.401732,-0.39694,-0.396816,0,0,0,0,3
17.06,0.396023,0.396175,-0.39033,-0.390698,0,0,0,0,3
17.07,0.393925,0.394312,-0.388088,-0.388224,0,0,0,0,3
17.08,0.399963,0.399616,-0.393638,-0.393305,0,0,0,0,3
17.09,0.402653,0.40199,-0.395654,-0.395543,0,0,0,0,3
17.1,0.396969,0.396992,-0.389673,-0.390067,0,0,0,0,3
17.11,0.393719,0.394144,-0.386425,-0.386691,0,0,0,0,3
17.12,0.401395,0.401076,-0.415411,-0.414645,0,0,0,0,3
17.13,0.407746,0.407019,-0.424363,-0.424042,0,0,0,0,3
17.14,0.397639,0.397604,-0.399259,-0.399941,0,0,0,0,3
17.15,0.388559,0.38901,-0.389296,-0.389574,0,0,0,0,3
17.16,0.398419,0.398242,-0.411875,-0.411079,0,0,0,0,3
17.17,0.407755,0.407059,-0.424037,-0.423502,0,0,0,0,3
17.18,0.396022,0.39594,-0.405437,-0.405924,0,0,0,0,3
17.19,0.383426,0.383991,-0.393617,-0.393886,0,0,0,0,3
17.2,0.393127,0.393226,-0.41151,-0.4107,0,0,0,0,3
17.21,0.418412,0.420556,-0.426123,-0.425802,0,0,0,0,3
17.22,0.424894,0.425349,-0.417258,-0.418428,0,0,0,0,3
17.23,0.400024,0.398107,-0.402829,-0.403527,0,0,0,0,3
17.24,0.391932,0.391369,-0.40953,-0.408676,0,0,0,0,3
17.25,0.41353,0.415379,-0.426555,-0.425977,0,0,0,0,3
17.26,0.42078,0.421473,-0.424416,-0.425339,0,0,0,0,3
17.27,0.399825,0.397965,-0.40762,-0.408349,0,0,0,0,3
17.28,0.39125,0.390223,-0.407008,-0.406175,0,0,0,0,3
17.29,0.410299,0.411859,-0.423548,-0.422736,0,0,0,0,3
17.3,0.419507,0.420505,-0.425983,-0.4267,0,0,0,0,3
17.31,0.401962,0.400327,-0.408457,-0.409251,0,0,0,0,3
17.32,0.392184,0.390797,-0.401864,-0.401095,0,0,0,0,3
17.33,0.408889,0.410114,-0.416474,-0.415463,0,0,0,0,3
17.34,0.420426,0.421672,-0.422489,-0.423007,0,0,0,0,3
17.35,0.40618,0.404843,-0.405843,-0.406752,0,0,0,0,3
17.36,0.394861,0.393204,-0.39495,-0.394371,0,0,0,0,3
17.37,0.408844,0.409671,-0.40744,-0.40633,0,0,0,0,3
17.38,0.422278,0.42368,-0.416914,-0.417268,0,0,0,0,3
17.39,0.410981,0.40999,-0.402851,-0.403919,0,0,0,0,3
17.4,0.397658,0.395826,-0.389508,-0.38925,0,0,0,0,3
17.41,0.407903,0.408329,-0.400031,-0.399023,0,0,0,0,3
17.42,0.421992,0.423486,-0.412705,-0.412994,0,0,0,0,3
17.43,0.412905,0.412314,-0.402249,-0.403454,0,0,0,0,3
17.44,0.397201,0.395369,-0.38764,-0.387765,0,0,0,0,3
17.45,0.406855,0.406719,-0.424774,-0.423049,0,0,0,0,3
17.46,0.421465,0.42287,-0.444196,-0.443749,0,0,0,0,3
17.47,0.405901,0.406974,-0.410235,-0.411119,0,0,0,0,3
17.48,0.386141,0.38448,-0.397931,-0.397125,0,0,0,0,3
17.49,0.413083,0.416545,-0.429275,-0.43083,0,0,0,0,3
17.5,0.445416,0.446253,-0.426495,-0.425545,0,0,0,0,3
17.51,0.418772,0.413922,-0.42042,-0.417876,0,0,0,0,3
17.52,0.389218,0.388018,-0.423779,-0.424802,0,0,0,0,3
17.53,0.410384,0.415141,-0.431256,-0.434186,0,0,0,0,3
17.54,0.437444,0.439003,-0.431605,-0.431004,0,0,0,0,3
17.55,0.42177,0.417083,-0.420062,-0.417168,0,0,0,0,3
17.56,0.399251,0.39704,-0.410954,-0.411227,0,0,0,0,3
17.57,0.41445,0.418603,-0.417454,-0.420248,0,0,0,0,3
17.58,0.438389,0.440695,-0.425054,-0.424933,0,0,0,0,3
17.59,0.428709,0.424438,-0.414885,-0.41188,0,0,0,0,3
17.6,0.407644,0.404407,-0.40107,-0.40057,0,0,0,0,3
17.61,0.415167,0.418523,-0.407401,-0.410046,0,0,0,0,3
17.62,0.43433,0.437402,-0.421498,-0.422084,0,0,0,0,3
17.63,0.426731,0.423198,-0.416021,-0.413303,0,0,0,0,3
17.64,0.404649,0.400638,-0.400833,-0.399806,0,0,0,0,3
17.65,0.40566,0.408213,-0.405536,-0.408,0,0,0,0,3
17.66,0.422429,0.42634,-0.422728,-0.423999,0,0,0,0,3
17.67,0.419043,0.41681,-0.420764,-0.418607,0,0,0,0,3
17.68,0.399217,0.395283,-0.403563,-0.402395,0,0,0,0,3
17.69,0.398043,0.40019,-0.403456,-0.405863,0,0,0,0,3
17.7,0.415504,0.419988,-0.419578,-0.421419,0,0,0,0,3
17.71,0.417467,0.416482,-0.419173,-0.417742,0,0,0,0,3
17.72,0.431761,0.429032,-0.432825,-0.431131,0,0,0,0,3
17.73,0.439749,0.441103,-0.438122,-0.44003,0,0,0,0,3
17.74,0.42955,0.432693,-0.421179,-0.423339,0,0,0,0,3
17.75,0.423035,0.422141,-0.410722,-0.409143,0,0,0,0,3
17.76,0.433858,0.430745,-0.423307,-0.421009,0,0,0,0,3
17.77,0.440663,0.441277,-0.43349,-0.434779,0,0,0,0,3
17.78,0.427648,0.430742,-0.42271,-0.42504,0,0,0,0,3
17.79,0.415451,0.414993,-0.413063,-0.411874,0,0,0,0,3
17.8,0.422863,0.419458,-0.424064,-0.421361,0,0,0,0,3
17.81,0.431754,0.431513,-0.435627,-0.436197,0,0,0,0,3
17.82,0.422067,0.425116,-0.426133,-0.4286,0,0,0,0,3
17.83,0.410281,0.410576,-0.412568,-0.412048,0,0,0,0,3
17.84,0.418022,0.414732,-0.417868,-0.415138,0,0,0,0,3
17.85,0.430607,0.429639,-0.428212,-0.428217,0,0,0,0,3
17.86,0.424484,0.42737,-0.420291,-0.422872,0,0,0,0,3
17.87,0.411338,0.412462,-0.405847,-0.406168,0,0,0,0,3
17.88,0.415279,0.412558,-0.409377,-0.407184,0,0,0,0,3
17.89,0.426972,0.425713,-0.422065,-0.422057,0,0,0,0,3
17.9,0.42113,0.423835,-0.425835,-0.431149,0,0,0,0,3
17.91,0.409782,0.411104,-0.443695,-0.443827,0,0,0,0,3
17.92,0.430354,0.430821,-0.445475,-0.440284,0,0,0,0,3
17.93,0.449103,0.448417,-0.435814,-0.435709,0,0,0,0,3
17.94,0.434297,0.434053,-0.427776,-0.433134,0,0,0,0,3
17.95,0.420406,0.421155,-0.428335,-0.429054,0,0,0,0,3
17.96,0.43424,0.434497,-0.433301,-0.428008,0,0,0,0,3
17.97,0.447714,0.446839,-0.432209,-0.430777,0,0,0,0,3
17.98,0.435475,0.434962,-0.424131,-0.429017,0,0,0,0,3
17.99,0.419914,0.420536,-0.421999,-0.423729,0,0,0,0,3
18,0.425841,0.426106,-0.430699,-0.425796,0,0,0,0,3
18.01,0.436553,0.435547,-0.435233,-0.432663,0,0,0,0,3
18.02,0.429002,0.42827,-0.425985,-0.430244,0,0,0,0,3
18.03,0.416602,0.417275,-0.417532,-0.420325,0,0,0,0,3
18.04,0.42161,0.422238,-0.422843,-0.41888,0,0,0,0,3
18.05,0.433104,0.43238,-0.428877,-0.425787,0,0,0,0,3
18.06,0.42851,0.427763,-0.42102,-0.424792,0,0,0,0,3
18.07,0.415518,0.416232,-0.411484,-0.415204,0,0,0,0,3
18.08,0.416234,0.416562,-0.439751,-0.438128,0,0,0,0,3
18.09,0.429068,0.428131,-0.466693,-0.462505,0,0,0,0,3
18.1,0.453636,0.454867,-0.447674,-0.449518,0,0,0,0,3
18.11,0.445363,0.446719,-0.419713,-0.424296,0,0,0,0,3
18.12,0.428632,0.42766,-0.424984,-0.423677,0,0,0,0,3
18.13,0.438359,0.436887,-0.44697,-0.442203,0,0,0,0,3
18.14,0.450563,0.451271,-0.445952,-0.446589,0,0,0,0,3
18.15,0.436956,0.438384,-0.425775,-0.43041,0,0,0,0,3
18.16,0.421917,0.42122,-0.422456,-0.422149,0,0,0,0,3
18.17,0.432053,0.430243,-0.439791,-0.434877,0,0,0,0,3
18.18,0.4446,0.44469,-0.443979,-0.443401,0,0,0,0,3
18.19,0.433721,0.435228,-0.424992,-0.429535,0,0,0,0,3
18.2,0.419939,0.419862,-0.414596,-0.415554,0,0,0,0,3
18.21,0.428256,0.42665,-0.428663,-0.424317,0,0,0,0,3
18.22,0.439673,0.439506,-0.438764,-0.437507,0,0,0,0,3
18.23,0.429161,0.430746,-0.424881,-0.429226,0,0,0,0,3
18.24,0.41303,0.414195,-0.420289,-0.421714,0,0,0,0,3
18.25,0.423531,0.421692,-0.462049,-0.457433,0,0,0,0,3
18.26,0.467954,0.468217,-0.472954,-0.471619,0,0,0,0,3
18.27,0.46319,0.46549,-0.433815,-0.438564,0,0,0,0,3
18.28,0.42633,0.426503,-0.409138,-0.41101,0,0,0,0,3
18.29,0.43037,0.428105,-0.438816,-0.434166,0,0,0,0,3
18.3,0.459988,0.459406,-0.469371,-0.466734,0,0,0,0,3
18.31,0.450898,0.452943,-0.447122,-0.451197,0,0,0,0,3
18.32,0.418937,0.419639,-0.412138,-0.414996,0,0,0,0,3
18.33,0.425979,0.423826,-0.424638,-0.420663,0,0,0,0,3
18.34,0.457484,0.456162,-0.456549,-0.452927,0,0,0,0,3
18.35,0.450651,0.452312,-0.445614,-0.448851,0,0,0,0,3
18.36,0.415607,0.416983,-0.411084,-0.414885,0,0,0,0,3
18.37,0.415934,0.41452,-0.416028,-0.413362,0,0,0,0,3
18.38,0.447694,0.446375,-0.448422,-0.444743,0,0,0,0,3
18.39,0.448081,0.449574,-0.444621,-0.447262,0,0,0,0,3
18.4,0.416445,0.417744,-0.447996,-0.452568,0,0,0,0,3
18.41,0.441769,0.440452,-0.453633,-0.451632,0,0,0,0,3
18.42,0.476494,0.475357,-0.452696,-0.448211,0,0,0,0,3
18.43,0.460516,0.461855,-0.43831,-0.439907,0,0,0,0,3
18.44,0.427127,0.428476,-0.431407,-0.436025,0,0,0,0,3
18.45,0.432282,0.431052,-0.447599,-0.446437,0,0,0,0,3
18.46,0.457644,0.455859,-0.459677,-0.454701,0,0,0,0,3
18.47,0.454031,0.454633,-0.441348,-0.4416,0,0,0,0,3
18.48,0.431041,0.432602,-0.419957,-0.424679,0,0,0,0,3
18.49,0.431069,0.430509,-0.431535,-0.431721,0,0,0,0,3
18.5,0.448436,0.446621,-0.453708,-0.449008,0,0,0,0,3
18.51,0.445238,0.445349,-0.444135,-0.443414,0,0,0,0,3
18.52,0.425751,0.427451,-0.41803,-0.422663,0,0,0,0,3
18.53,0.424568,0.425509,-0.431319,-0.43225,0,0,0,0,3
18.54,0.444892,0.442847,-0.484576,-0.479621,0,0,0,0,3
18.55,0.470607,0.47207,-0.479482,-0.478668,0,0,0,0,3
18.56,0.459252,0.461888,-0.42618,-0.431344,0,0,0,0,3
18.57,0.439553,0.438603,-0.415499,-0.416937,0,0,0,0,3
18.58,0.448485,0.445711,-0.462896,-0.457748,0,0,0,0,3
18.59,0.45954,0.459886,-0.482747,-0.480391,0,0,0,0,3
18.6,0.445039,0.447626,-0.439709,-0.444297,0,0,0,0,3
18.61,0.433978,0.433869,-0.408974,-0.411697,0,0,0,0,3
18.62,0.449713,0.446944,-0.440288,-0.43586,0,0,0,0,3
18.63,0.458497,0.457862,-0.471908,-0.468398,0,0,0,0,3
18.64,0.436315,0.438688,-0.445836,-0.449602,0,0,0,0,3
18.65,0.421252,0.422163,-0.410262,-0.414183,0,0,0,0,3
18.66,0.442008,0.440062,-0.426429,-0.42355,0,0,0,0,3
18.67,0.460051,0.458535,-0.495547,-0.492154,0,0,0,0,3
18.68,0.446342,0.453542,-0.49028,-0.49306,0,0,0,0,3
18.69,0.446686,0.44957,-0.426368,-0.430717,0,0,0,0,3
18.7,0.466228,0.459572,-0.41561,-0.413472,0,0,0,0,3
18.71,0.472422,0.468607,-0.46868,-0.46383,0,0,0,0,3
18.72,0.445739,0.451654,-0.487284,-0.488618,0,0,0,0,3
18.73,0.426136,0.430573,-0.441833,-0.44688,0,0,0,0,3
18.74,0.449619,0.444239,-0.414062,-0.413361,0,0,0,0,3
18.75,0.476487,0.470973,-0.445646,-0.440202,0,0,0,0,3
18.76,0.454249,0.458309,-0.471941,-0.471596,0,0,0,0,3
18.77,0.415883,0.42159,-0.446293,-0.451588,0,0,0,0,3
18.78,0.42747,0.424273,-0.417996,-0.41924,0,0,0,0,3
18.79,0.468151,0.461153,-0.434494,-0.435688,0,0,0,0,3
18.8,0.463223,0.465279,-0.495907,-0.494193,0,0,0,0,3
18.81,0.442292,0.452818,-0.488843,-0.48843,0,0,0,0,3
18.82,0.449429,0.449042,-0.43119,-0.433366,0,0,0,0,3
18.83,0.476244,0.465822,-0.422812,-0.423349,0,0,0,0,3
18.84,0.474288,0.473243,-0.471504,-0.468935,0,0,0,0,3
18.85,0.439589,0.449584,-0.486718,-0.485674,0,0,0,0,3
18.86,0.428997,0.431229,-0.442922,-0.445496,0,0,0,0,3
18.87,0.461884,0.452167,-0.417785,-0.419001,0,0,0,0,3
18.88,0.47899,0.475148,-0.449346,-0.446406,0,0,0,0,3
18.89,0.444561,0.453264,-0.474326,-0.472417,0,0,0,0,3
18.9,0.415126,0.419906,-0.44783,-0.450629,0,0,0,0,3
18.91,0.441597,0.433895,-0.418872,-0.421508,0,0,0,0,3
18.92,0.475473,0.469791,-0.470577,-0.468706,0,0,0,0,3
18.93,0.479055,0.48924,-0.504628,-0.501948,0,0,0,0,3
18.94,0.450627,0.458048,-0.460353,-0.462665,0,0,0,0,3
18.95,0.443706,0.434766,-0.418354,-0.421523,0,0,0,0,3
18.96,0.47145,0.462836,-0.452383,-0.449981,0,0,0,0,3
18.97,0.477802,0.485153,-0.494685,-0.490694,0,0,0,0,3
18.98,0.445173,0.454516,-0.464403,-0.466422,0,0,0,0,3
18.99,0.431767,0.425863,-0.416516,-0.421014,0,0,0,0,3
19,0.461727,0.451645,-0.436236,-0.43452,0,0,0,0,3
19.01,0.47586,0.479921,-0.48133,-0.47613,0,0,0,0,3
19.02,0.442559,0.452696,-0.464573,-0.465527,0,0,0,0,3
19.03,0.420575,0.417968,-0.416461,-0.422032,0,0,0,0,3
19.04,0.460849,0.456355,-0.46404,-0.463495,0,0,0,0,3
19.05,0.513653,0.516056,-0.514107,-0.508721,0,0,0,0,3
19.06,0.476619,0.481739,-0.470049,-0.470362,0,0,0,0,3
19.07,0.418617,0.417158,-0.413079,-0.418691,0,0,0,0,3
19.08,0.445697,0.440616,-0.448192,-0.448491,0,0,0,0,3
19.09,0.502246,0.502643,-0.505495,-0.499433,0,0,0,0,3
19.1,0.478557,0.483089,-0.472886,-0.471413,0,0,0,0,3
19.11,0.417282,0.417332,-0.408615,-0.414363,0,0,0,0,3
19.12,0.430435,0.426164,-0.430812,-0.433034,0,0,0,0,3
19.13,0.488321,0.487693,-0.493757,-0.488257,0,0,0,0,3
19.14,0.478073,0.481955,-0.474875,-0.471959,0,0,0,0,3
19.15,0.416804,0.417199,-0.439512,-0.447174,0,0,0,0,3
19.16,0.45433,0.451261,-0.460404,-0.464885,0,0,0,0,3
19.17,0.519102,0.518639,-0.495719,-0.488858,0,0,0,0,3
19.18,0.488958,0.491592,-0.473483,-0.467993,0,0,0,0,3
19.19,0.418257,0.418823,-0.433673,-0.43968,0,0,0,0,3
19.2,0.434719,0.432528,-0.450071,-0.456466,0,0,0,0,3
19.21,0.502966,0.502238,-0.487434,-0.482303,0,0,0,0,3
19.22,0.492679,0.494041,-0.469769,-0.46235,0,0,0,0,3
19.23,0.421045,0.421162,-0.426964,-0.430656,0,0,0,0,3
19.24,0.418121,0.416785,-0.437867,-0.445647,0,0,0,0,3
19.25,0.484164,0.484329,-0.478374,-0.476073,0,0,0,0,3
19.26,0.492651,0.492868,-0.507042,-0.498203,0,0,0,0,3
19.27,0.456788,0.458872,-0.468535,-0.469994,0,0,0,0,3
19.28,0.449266,0.450087,-0.434418,-0.44395,0,0,0,0,3
19.29,0.482101,0.480994,-0.464341,-0.464633,0,0,0,0,3
19.3,0.4902,0.48906,-0.498044,-0.488377,0,0,0,0,3
19.31,0.454649,0.454508,-0.469795,-0.467327,0,0,0,0,3
19.32,0.438664,0.439348,-0.42987,-0.438646,0,0,0,0,3
19.33,0.468565,0.469472,-0.448482,-0.452415,0,0,0,0,3
19.34,0.484243,0.484065,-0.485612,-0.477747,0,0,0,0,3
19.35,0.452623,0.451077,-0.468376,-0.463166,0,0,0,0,3
19.36,0.429458,0.427202,-0.447552,-0.459049,0,0,0,0,3
19.37,0.483847,0.488773,-0.47828,-0.485962,0,0,0,0,3
19.38,0.521433,0.525734,-0.49895,-0.489869,0,0,0,0,3
19.39,0.470762,0.46592,-0.467797,-0.458695,0,0,0,0,3
19.4,0.424429,0.418352,-0.44248,-0.44896,0,0,0,0,3
19.41,0.464336,0.468591,-0.467116,-0.476717,0,0,0,0,3
19.42,0.510596,0.518611,-0.489193,-0.485221,0,0,0,0,3
19.43,0.473798,0.470828,-0.462748,-0.453185,0,0,0,0,3
19.44,0.420861,0.411147,-0.435676,-0.437155,0,0,0,0,3
19.45,0.446801,0.447517,-0.456133,-0.464505,0,0,0,0,3
19.46,0.496243,0.507113,-0.489731,-0.487621,0,0,0,0,3
19.47,0.474086,0.474633,-0.499673,-0.492769,0,0,0,0,3
19.48,0.458484,0.447162,-0.466962,-0.467563,0,0,0,0,3
19.49,0.477942,0.475325,-0.4509,-0.456655,0,0,0,0,3
19.5,0.492447,0.503986,-0.475884,-0.476393,0,0,0,0,3
19.51,0.470302,0.475688,-0.49031,-0.486174,0,0,0,0,3
19.52,0.449586,0.438843,-0.464972,-0.464022,0,0,0,0,3
19.53,0.46632,0.458094,-0.444935,-0.447117,0,0,0,0,3
19.54,0.48505,0.493647,-0.462637,-0.462613,0,0,0,0,3
19.55,0.465608,0.475547,-0.47908,-0.477658,0,0,0,0,3
19.56,0.440557,0.434365,-0.460072,-0.461112,0,0,0,0,3
19.57,0.473235,0.463044,-0.480652,-0.481169,0,0,0,0,3
19.58,0.520703,0.52474,-0.49865,-0.496523,0,0,0,0,3
19.59,0.490144,0.501409,-0.475312,-0.47525,0,0,0,0,3
19.6,0.435785,0.434839,-0.451435,-0.455229,0,0,0,0,3
19.61,0.456233,0.445487,-0.469643,-0.470423,0,0,0,0,3
19.62,0.509338,0.507309,-0.491878,-0.486338,0,0,0,0,3
19.63,0.491253,0.500053,-0.471088,-0.468118,0,0,0,0,3
19.64,0.43175,0.435301,-0.441689,-0.447317,0,0,0,0,3
19.65,0.438363,0.43157,-0.455416,-0.460331,0,0,0,0,3
19.66,0.494557,0.489173,-0.508106,-0.505079,0,0,0,0,3
19.67,0.507658,0.517008,-0.51239,-0.505654,0,0,0,0,3
19.68,0.474252,0.480964,-0.457165,-0.459853,0,0,0,0,3
19.69,0.45381,0.447515,-0.442791,-0.451744,0,0,0,0,3
19.7,0.481089,0.474553,-0.493016,-0.491884,0,0,0,0,3
19.71,0.50106,0.504924,-0.509625,-0.49897,0,0,0,0,3
19.72,0.472462,0.477587,-0.457228,-0.455479,0,0,0,0,3
19.73,0.444796,0.441798,-0.429864,-0.440355,0,0,0,0,3
19.74,0.465121,0.461212,-0.474123,-0.478284,0,0,0,0,3
19.75,0.490714,0.493667,-0.502311,-0.492818,0,0,0,0,3
19.76,0.470546,0.471948,-0.494052,-0.489456,0,0,0,0,3
19.77,0.476471,0.473408,-0.467349,-0.476107,0,0,0,0,3
19.78,0.496751,0.49647,-0.468385,-0.475174,0,0,0,0,3
19.79,0.489399,0.494113,-0.490498,-0.484295,0,0,0,0,3
19.8,0.465182,0.46566,-0.489024,-0.481447,0,0,0,0,3
19.81,0.466325,0.4597,-0.463804,-0.467202,0,0,0,0,3
19.82,0.485964,0.483438,-0.457584,-0.464157,0,0,0,0,3
19.83,0.481758,0.488653,-0.476192,-0.474168,0,0,0,0,3
19.84,0.457237,0.461691,-0.479811,-0.474389,0,0,0,0,3
19.85,0.455323,0.447609,-0.488798,-0.49276,0,0,0,0,3
19.86,0.511023,0.506467,-0.494524,-0.49944,0,0,0,0,3
19.87,0.521455,0.528985,-0.481567,-0.478552,0,0,0,0,3
19.88,0.463664,0.470298,-0.470076,-0.46629,0,0,0,0,3
19.89,0.442647,0.436891,-0.478449,-0.481999,0,0,0,0,3
19.9,0.493732,0.485965,-0.487224,-0.490768,0,0,0,0,3
19.91,0.516389,0.519689,-0.475235,-0.470661,0,0,0,0,3
19.92,0.463811,0.470985,-0.460072,-0.455353,0,0,0,0,3
19.93,0.430736,0.428591,-0.465709,-0.47013,0,0,0,0,3
19.94,0.47432,0.467287,-0.507214,-0.514661,0,0,0,0,3
19.95,0.536946,0.540798,-0.513881,-0.510308,0,0,0,0,3
19.96,0.510166,0.517795,-0.46957,-0.462139,0,0,0,0,3
19.97,0.441769,0.43904,-0.454718,-0.457679,0,0,0,0,3
19.98,0.456063,0.448422,-0.493396,-0.501153,0,0,0,0,3
19.99,0.520725,0.52262,-0.507557,-0.505481,0,0,0,0,3
20,0.509501,0.517104,-0.465713,-0.45774,0,0,0,0,3
20.01,0.440183,0.438816,-0.442625,-0.443568,0,0,0,0,3
20.02,0.439332,0.431296,-0.477494,-0.485155,0,0,0,0,3
20.03,0.5027,0.503188,-0.53268,-0.532212,0,0,0,0,3
20.04,0.531027,0.541108,-0.508589,-0.500656,0,0,0,0,3
20.05,0.484941,0.486263,-0.447367,-0.447698,0,0,0,0,3
20.06,0.447752,0.439097,-0.460869,-0.469707,0,0,0,0,3
20.07,0.48475,0.482978,-0.519002,-0.519965,0,0,0,0,3
20.08,0.521312,0.529299,-0.507289,-0.498307,0,0,0,0,3
20.09,0.484546,0.486488,-0.443681,-0.441137,0,0,0,0,3
20.1,0.439942,0.431725,-0.443823,-0.451868,0,0,0,0,3
20.11,0.466724,0.463691,-0.502217,-0.50534,0,0,0,0,3
20.12,0.508626,0.516222,-0.541596,-0.533949,0,0,0,0,3
20.13,0.517924,0.521743,-0.488044,-0.484612,0,0,0,0,3
20.14,0.480818,0.473996,-0.439643,-0.44691,0,0,0,0,3
20.15,0.463151,0.459042,-0.483364,-0.487705,0,0,0,0,3
20.16,0.493027,0.499575,-0.531347,-0.52483,0,0,0,0,3
20.17,0.509159,0.513926,-0.488357,-0.483377,0,0,0,0,3
20.18,0.477021,0.470835,-0.431507,-0.437144,0,0,0,0,3
20.19,0.453122,0.447358,-0.463323,-0.468436,0,0,0,0,3
20.2,0.477139,0.482151,-0.528587,-0.522514,0,0,0,0,3
20.21,0.499449,0.510241,-0.531021,-0.526109,0,0,0,0,3
20.22,0.516115,0.512208,-0.463314,-0.46874,0,0,0,0,3
20.23,0.49109,0.481924,-0.448765,-0.45581,0,0,0,0,3
20.24,0.467874,0.471194,-0.510437,-0.506138,0,0,0,0,3
20.25,0.485753,0.494294,-0.527226,-0.518982,0,0,0,0,3
20.26,0.505783,0.50277,-0.462884,-0.46565,0,0,0,0,3
20.27,0.485452,0.476397,-0.434273,-0.442473,0,0,0,0,3
20.28,0.458825,0.460539,-0.489983,-0.487953,0,0,0,0,3
20.29,0.471531,0.479684,-0.557877,-0.549635,0,0,0,0,3
20.3,0.530005,0.529213,-0.509728,-0.511365,0,0,0,0,3
20.31,0.526488,0.518713,-0.433362,-0.441764,0,0,0,0,3
20.32,0.463916,0.464438,-0.468379,-0.467999,0,0,0,0,3
20.33,0.455489,0.463578,-0.543074,-0.535064,0,0,0,0,3
20.34,0.511562,0.511955,-0.511469,-0.511072,0,0,0,0,3
20.35,0.521237,0.513096,-0.429216,-0.436958,0,0,0,0,3
20.36,0.46225,0.460672,-0.44676,-0.447836,0,0,0,0,3
20.37,0.442406,0.448171,-0.555492,-0.5497,0,0,0,0,3
20.38,0.518435,0.523374,-0.557813,-0.555575,0,0,0,0,3
20.39,0.558745,0.553837,-0.445691,-0.451355,0,0,0,0,3
20.4,0.483774,0.479589,-0.426659,-0.430442,0,0,0,0,3
20.41,0.430777,0.435867,-0.531226,-0.526651,0,0,0,0,3
20.42,0.49414,0.499054,-0.556274,-0.552352,0,0,0,0,3
20.43,0.548251,0.544068,-0.450258,-0.454732,0,0,0,0,3
20.44,0.486697,0.481657,-0.409249,-0.413882,0,0,0,0,3
20.45,0.42149,0.425449,-0.530128,-0.526338,0,0,0,0,3
20.46,0.484347,0.496182,-0.596405,-0.591286,0,0,0,0,3
20.47,0.580017,0.577188,-0.479562,-0.482547,0,0,0,0,3
20.48,0.524037,0.513745,-0.39621,-0.402906,0,0,0,0,3
20.49,0.419213,0.420725,-0.499321,-0.496643,0,0,0,0,3
20.5,0.458462,0.467256,-0.588184,-0.579801,0,0,0,0,3
20.51,0.560779,0.559194,-0.490004,-0.490922,0,0,0,0,3
20.52,0.527715,0.51835,-0.386313,-0.394615,0,0,0,0,3
20.53,0.41879,0.416346,-0.488735,-0.492574,0,0,0,0,3
20.54,0.43753,0.462795,-0.618305,-0.61206,0,0,0,0,3
20.55,0.581789,0.586351,-0.526883,-0.522045,0,0,0,0,3
20.56,0.572729,0.553298,-0.381667,-0.392052,0,0,0,0,3
20.57,0.426663,0.420382,-0.454556,-0.460319,0,0,0,0,3
20.58,0.415772,0.431528,-0.60209,-0.589758,0,0,0,0,3
20.59,0.552626,0.559672,-0.539207,-0.531568,0,0,0,0,3
20.6,0.572099,0.557692,-0.380934,-0.393096,0,0,0,0,3
20.61,0.433947,0.424335,-0.442656,-0.451945,0,0,0,0,3
20.62,0.397902,0.421283,-0.622118,-0.612904,0,0,0,0,3
20.63,0.566035,0.577362,-0.576444,-0.565873,0,0,0,0,3
20.64,0.614076,0.595896,-0.387041,-0.398501,0,0,0,0,3
20.65,0.450144,0.437463,-0.409248,-0.420747,0,0,0,0,3
20.66,0.380638,0.394885,-0.59477,-0.582326,0,0,0,0,3
20.67,0.529193,0.542014,-0.586266,-0.572556,0,0,0,0,3
20.68,0.607607,0.594572,-0.396256,-0.407412,0,0,0,0,3
20.69,0.465747,0.446112,-0.395372,-0.420941,0,0,0,0,3
20.7,0.370692,0.397651,-0.604684,-0.598362,0,0,0,0,3
20.71,0.53311,0.556784,-0.623921,-0.598167,0,0,0,0,3
20.72,0.634794,0.621252,-0.410298,-0.420726,0,0,0,0,3
20.73,0.488019,0.462596,-0.367821,-0.393036,0,0,0,0,3
20.74,0.366643,0.375332,-0.569435,-0.559854,0,0,0,0,3
20.75,0.492935,0.517617,-0.626737,-0.599561,0,0,0,0,3
20.76,0.620435,0.612993,-0.428198,-0.434186,0,0,0,0,3
20.77,0.506802,0.47191,-0.362846,-0.402701,0,0,0,0,3
20.78,0.366012,0.390157,-0.57232,-0.571649,0,0,0,0,3
20.79,0.492804,0.53396,-0.638153,-0.616473,0,0,0,0,3
20.8,0.638256,0.627141,-0.446165,-0.450166,0,0,0,0,3
20.81,0.527869,0.4891,-0.357291,-0.381471,0,0,0,0,3
20.82,0.37113,0.372336,-0.535929,-0.529422,0,0,0,0,3
20.83,0.459576,0.489777,-0.638356,-0.606094,0,0,0,0,3
20.84,0.616711,0.612933,-0.466062,-0.465139,0,0,0,0,3
20.85,0.544733,0.496092,-0.359651,-0.405397,0,0,0,0,3
20.86,0.380484,0.402379,-0.53777,-0.539693,0,0,0,0,3
20.87,0.458621,0.511744,-0.641633,-0.609485,0,0,0,0,3
20.88,0.624812,0.612615,-0.482635,-0.48107,0,0,0,0,3
20.89,0.560525,0.510487,-0.358041,-0.393203,0,0,0,0,3
20.9,0.389283,0.389283,-0.500777,-0.500763,0,0,0,0,3
20.91,0.429314,0.472084,-0.633343,-0.592921,0,0,0,0,3
20.92,0.593875,0.597181,-0.498692,-0.494178,0,0,0,0,3
20.93,0.56804,0.517999,-0.381835,-0.426979,0,0,0,0,3
20.94,0.419802,0.427382,-0.508399,-0.514094,0,0,0,0,3
20.95,0.442038,0.49351,-0.630216,-0.587064,0,0,0,0,3
20.96,0.583675,0.587191,-0.510005,-0.505242,0,0,0,0,3
20.97,0.572941,0.524967,-0.372631,-0.41763,0,0,0,0,3
20.98,0.429263,0.417413,-0.473054,-0.481344,0,0,0,0,3
20.99,0.420105,0.461851,-0.614209,-0.568015,0,0,0,0,3
21,0.557107,0.563737,-0.529263,-0.540633,0,0,0,0,3
21.01,0.578723,0.563777,-0.411712,-0.45622,0,0,0,0,3
21.02,0.469431,0.470941,-0.477473,-0.474742,0,0,0,0,3
21.03,0.432948,0.457051,-0.592639,-0.557441,0,0,0,0,3
21.04,0.536833,0.536465,-0.539278,-0.536696,0,0,0,0,3
21.05,0.581136,0.549909,-0.416535,-0.444784,0,0,0,0,3
21.06,0.477405,0.46782,-0.449285,-0.451259,0,0,0,0,3
21.07,0.41888,0.438533,-0.57197,-0.573541,0,0,0,0,3
21.08,0.511669,0.550765,-0.582685,-0.583896,0,0,0,0,3
21.09,0.605442,0.600149,-0.455154,-0.463091,0,0,0,0,3
21.1,0.517813,0.490669,-0.425008,-0.43615,0,0,0,0,3
21.11,0.418565,0.415973,-0.550262,-0.538812,0,0,0,0,3
21.12,0.493152,0.506255,-0.591124,-0.566288,0,0,0,0,3
21.13,0.591921,0.584732,-0.464516,-0.463745,0,0,0,0,3
21.14,0.517681,0.502505,-0.402382,-0.443875,0,0,0,0,3
21.15,0.406447,0.412248,-0.555622,-0.562345,0,0,0,0,3
21.16,0.494583,0.527872,-0.623752,-0.594901,0,0,0,0,3
21.17,0.617805,0.620495,-0.47721,-0.472448,0,0,0,0,3
21.18,0.543047,0.506472,-0.393667,-0.417104,0,0,0,0,3
21.19,0.410754,0.393785,-0.526021,-0.52379,0,0,0,0,3
21.2,0.465049,0.488621,-0.616199,-0.583572,0,0,0,0,3
21.21,0.592091,0.60659,-0.486632,-0.481791,0,0,0,0,3
21.22,0.543244,0.520119,-0.403491,-0.446513,0,0,0,0,3
21.23,0.417844,0.427543,-0.528488,-0.548073,0,0,0,0,3
21.24,0.477757,0.506987,-0.621325,-0.58634,0,0,0,0,3
21.25,0.606041,0.598128,-0.50502,-0.480519,0,0,0,0,3
21.26,0.561262,0.517136,-0.401484,-0.419472,0,0,0,0,3
21.27,0.424521,0.412347,-0.498419,-0.512209,0,0,0,0,3
21.28,0.441733,0.482409,-0.597825,-0.582619,0,0,0,0,3
21.29,0.565171,0.593224,-0.502963,-0.523496,0,0,0,0,3
21.3,0.555865,0.548425,-0.431745,-0.460351,0,0,0,0,3
21.31,0.471015,0.450683,-0.517271,-0.502452,0,0,0,0,3
21.32,0.476301,0.471317,-0.597401,-0.556767,0,0,0,0,3
21.33,0.558856,0.560381,-0.518842,-0.511318,0,0,0,0,3
21.34,0.55043,0.549382,-0.418846,-0.453642,0,0,0,0,3
21.35,0.454534,0.461942,-0.471349,-0.494565,0,0,0,0,3
21.36,0.446733,0.457931,-0.604956,-0.586149,0,0,0,0,3
21.37,0.562706,0.572275,-0.576084,-0.550485,0,0,0,0,3
21.38,0.60085,0.584188,-0.440089,-0.446961,0,0,0,0,3
21.39,0.483852,0.468381,-0.446856,-0.467897,0,0,0,0,3
21.4,0.425797,0.440475,-0.572582,-0.569129,0,0,0,0,3
21.41,0.527991,0.546691,-0.57214,-0.553314,0,0,0,0,3
21.42,0.591278,0.577494,-0.443499,-0.444533,0,0,0,0,3
21.43,0.494271,0.465404,-0.454892,-0.478044,0,0,0,0,3
21.44,0.418223,0.458662,-0.586121,-0.596722,0,0,0,0,3
21.45,0.53679,0.57212,-0.587745,-0.566068,0,0,0,0,3
21.46,0.617332,0.586805,-0.450231,-0.441814,0,0,0,0,3
21.47,0.510657,0.462407,-0.435082,-0.445865,0,0,0,0,3
21.48,0.415115,0.42754,-0.562588,-0.562518,0,0,0,0,3
21.49,0.496584,0.547966,-0.578119,-0.570835,0,0,0,0,3
21.5,0.589498,0.590215,-0.457979,-0.480997,0,0,0,0,3
21.51,0.516971,0.489127,-0.456685,-0.472965,0,0,0,0,3
21.52,0.455994,0.449897,-0.576864,-0.54783,0,0,0,0,3
21.53,0.518943,0.539308,-0.58469,-0.557598,0,0,0,0,3
21.54,0.577785,0.583447,-0.458457,-0.480729,0,0,0,0,3
21.55,0.513079,0.496026,-0.427128,-0.460663,0,0,0,0,3
21.56,0.443584,0.43599,-0.542165,-0.527755,0,0,0,0,3
21.57,0.49728,0.505957,-0.613974,-0.586534,0,0,0,0,3
21.58,0.587417,0.611307,-0.514573,-0.523055,0,0,0,0,3
21.59,0.554514,0.55342,-0.425338,-0.45583,0,0,0,0,3
21.6,0.457155,0.436353,-0.507372,-0.506075,0,0,0,0,3
21.61,0.477805,0.470194,-0.602111,-0.566369,0,0,0,0,3
21.62,0.570017,0.582437,-0.525845,-0.51552,0,0,0,0,3
21.63,0.548848,0.55852,-0.41372,-0.449405,0,0,0,0,3
21.64,0.447736,0.440213,-0.511755,-0.531453,0,0,0,0,3
21.65,0.488733,0.486866,-0.629986,-0.599589,0,0,0,0,3
21.66,0.598391,0.602046,-0.544061,-0.515214,0,0,0,0,3
21.67,0.563741,0.562284,-0.411936,-0.433239,0,0,0,0,3
21.68,0.443178,0.440311,-0.472191,-0.50539,0,0,0,0,3
21.69,0.458499,0.460126,-0.60149,-0.587519,0,0,0,0,3
21.7,0.573503,0.575161,-0.552041,-0.516171,0,0,0,0,3
21.71,0.566024,0.557282,-0.45138,-0.462798,0,0,0,0,3
21.72,0.476316,0.48001,-0.488481,-0.526187,0,0,0,0,3
21.73,0.477835,0.489518,-0.584578,-0.580875,0,0,0,0,3
21.74,0.561964,0.55891,-0.553884,-0.515,0,0,0,0,3
21.75,0.56506,0.548031,-0.4522,-0.444622,0,0,0,0,3
21.76,0.474838,0.473121,-0.462063,-0.498951,0,0,0,0,3
21.77,0.454097,0.471444,-0.589435,-0.606653,0,0,0,0,3
21.78,0.555557,0.573968,-0.596208,-0.566192,0,0,0,0,3
21.79,0.603424,0.590352,-0.469335,-0.446087,0,0,0,0,3
21.8,0.504619,0.482813,-0.444002,-0.466626,0,0,0,0,3
21.81,0.440749,0.448636,-0.556694,-0.583601,0,0,0,0,3
21.82,0.523356,0.546039,-0.585964,-0.569399,0,0,0,0,3
21.83,0.58807,0.583514,-0.474274,-0.443484,0,0,0,0,3
21.84,0.509147,0.481628,-0.465006,-0.476926,0,0,0,0,3
21.85,0.460031,0.466538,-0.572265,-0.60687,0,0,0,0,3
21.86,0.539261,0.568564,-0.586641,-0.581554,0,0,0,0,3
21.87,0.589476,0.588511,-0.477949,-0.441956,0,0,0,0,3
21.88,0.512282,0.481043,-0.448117,-0.443122,0,0,0,0,3
21.89,0.448986,0.442607,-0.542179,-0.57716,0,0,0,0,3
21.9,0.510628,0.539576,-0.57203,-0.586319,0,0,0,0,3
21.91,0.570354,0.581957,-0.520893,-0.48891,0,0,0,0,3
21.92,0.55168,0.529255,-0.484248,-0.463444,0,0,0,0,3
21.93,0.489751,0.474199,-0.524666,-0.550718,0,0,0,0,3
21.94,0.495803,0.513343,-0.554907,-0.581509,0,0,0,0,3
21.95,0.549314,0.566438,-0.511933,-0.491155,0,0,0,0,3
21.96,0.541636,0.527367,-0.474319,-0.441612,0,0,0,0,3
21.97,0.483464,0.461809,-0.545759,-0.562214,0,0,0,0,3
21.98,0.511955,0.526989,-0.584862,-0.62377,0,0,0,0,3
21.99,0.575674,0.599317,-0.512749,-0.504786,0,0,0,0,3
22,0.547138,0.537202,-0.46371,-0.421248,0,0,0,0,3
22.01,0.475736,0.451282,-0.524629,-0.520874,0,0,0,0,3
22.02,0.490826,0.495455,-0.568093,-0.610829,0,0,0,0,3
22.03,0.556439,0.577683,-0.5036,-0.517937,0,0,0,0,3
22.04,0.539258,0.537106,-0.493287,-0.45323,0,0,0,0,3
22.05,0.505883,0.491503,-0.554236,-0.53088,0,0,0,0,3
22.06,0.518251,0.520406,-0.56394,-0.59684,0,0,0,0,3
22.07,0.547648,0.559986,-0.493498,-0.524682,0,0,0,0,3
22.08,0.53223,0.528102,-0.470272,-0.444375,0,0,0,0,3
22.09,0.493092,0.480902,-0.534124,-0.496768,0,0,0,0,3
22.1,0.496961,0.500812,-0.596981,-0.618888,0,0,0,0,3
22.11,0.568857,0.583791,-0.535432,-0.578479,0,0,0,0,3
22.12,0.573335,0.569272,-0.459483,-0.449008,0,0,0,0,3
22.13,0.496207,0.479479,-0.509377,-0.464505,0,0,0,0,3
22.14,0.474789,0.479459,-0.58511,-0.583704,0,0,0,0,3
22.15,0.541209,0.561347,-0.5342,-0.576405,0,0,0,0,3
22.16,0.566245,0.55851,-0.467151,-0.465694,0,0,0,0,3
22.17,0.495275,0.485795,-0.523503,-0.491064,0,0,0,0,3
22.18,0.500377,0.507812,-0.595309,-0.590724,0,0,0,0,3
22.19,0.56236,0.577527,-0.541154,-0.568715,0,0,0,0,3
22.2,0.559099,0.554112,-0.455126,-0.463502,0,0,0,0,3
22.21,0.493624,0.472832,-0.491632,-0.46779,0,0,0,0,3
22.22,0.480637,0.483251,-0.573323,-0.575591,0,0,0,0,3
22.23,0.535814,0.558078,-0.584903,-0.608343,0,0,0,0,3
22.24,0.591561,0.594513,-0.499112,-0.500965,0,0,0,0,3
22.25,0.538837,0.517593,-0.47282,-0.450301,0,0,0,0,3
22.26,0.472448,0.465764,-0.548431,-0.542753,0,0,0,0,3
22.27,0.509755,0.529686,-0.57425,-0.595706,0,0,0,0,3
22.28,0.572036,0.580315,-0.495193,-0.503272,0,0,0,0,3
22.29,0.534684,0.514856,-0.493114,-0.47342,0,0,0,0,3
22.3,0.493834,0.488296,-0.570649,-0.561848,0,0,0,0,3
22.31,0.533393,0.552833,-0.57477,-0.593532,0,0,0,0,3
22.32,0.570627,0.579483,-0.491647,-0.502536,0,0,0,0,3
22.33,0.529363,0.51043,-0.472007,-0.453903,0,0,0,0,3
22.34,0.481813,0.469194,-0.544475,-0.531384,0,0,0,0,3
22.35,0.510086,0.526049,-0.59504,-0.615916,0,0,0,0,3
22.36,0.578474,0.597373,-0.535964,-0.5524,0,0,0,0,3
22.37,0.569901,0.557031,-0.473312,-0.456384,0,0,0,0,3
22.38,0.495246,0.475319,-0.519626,-0.500126,0,0,0,0,3
22.39,0.488587,0.499411,-0.578884,-0.591721,0,0,0,0,3
22.4,0.55409,0.575204,-0.531225,-0.5516,0,0,0,0,3
22.41,0.560356,0.551414,-0.48144,-0.471351,0,0,0,0,3
22.42,0.488957,0.481123,-0.538911,-0.522353,0,0,0,0,3
22.43,0.514753,0.522962,-0.589531,-0.598471,0,0,0,0,3
22.44,0.580551,0.59042,-0.53149,-0.548639,0,0,0,0,3
22.45,0.555758,0.54806,-0.467858,-0.461055,0,0,0,0,3
22.46,0.482054,0.468615,-0.510799,-0.493544,0,0,0,0,3
22.47,0.490299,0.496232,-0.570776,-0.594522,0,0,0,0,3
22.48,0.554682,0.578695,-0.572839,-0.593955,0,0,0,0,3
22.49,0.593487,0.590123,-0.506407,-0.489228,0,0,0,0,3
22.5,0.527681,0.504107,-0.492826,-0.469335,0,0,0,0,3
22.51,0.474744,0.47713,-0.550707,-0.561495,0,0,0,0,3
22.52,0.526833,0.551334,-0.561327,-0.584291,0,0,0,0,3
22.53,0.578276,0.577205,-0.497759,-0.488966,0,0,0,0,3
22.54,0.524286,0.499238,-0.517346,-0.494214,0,0,0,0,3
22.55,0.499911,0.503679,-0.577079,-0.583959,0,0,0,0,3
22.56,0.550574,0.575955,-0.55694,-0.581141,0,0,0,0,3
22.57,0.572969,0.571579,-0.488259,-0.484943,0,0,0,0,3
22.58,0.518505,0.491647,-0.494084,-0.469022,0,0,0,0,3
22.59,0.482916,0.4808,-0.554286,-0.555517,0,0,0,0,3
22.6,0.524926,0.55097,-0.59284,-0.618603,0,0,0,0,3
22.61,0.600748,0.607153,-0.530853,-0.535142,0,0,0,0,3
22.62,0.563016,0.538697,-0.480165,-0.456388,0,0,0,0,3
22.63,0.477733,0.468117,-0.529108,-0.521832,0,0,0,0,3
22.64,0.498333,0.520587,-0.575894,-0.598925,0,0,0,0,3
22.65,0.57742,0.587619,-0.525327,-0.534627,0,0,0,0,3
22.66,0.557437,0.535186,-0.507791,-0.48502,0,0,0,0,3
22.67,0.502796,0.497254,-0.553021,-0.543347,0,0,0,0,3
22.68,0.207721,0.229713,-0.253662,-0.275527,-1.18645,-1.04389,-0.893632,-0.751721,3
22.69,0.255228,0.264174,-0.202569,-0.214158,-0.898563,-0.836801,-1.22358,-1.14504,3
22.7,0.396096,0.39602,-0.396139,-0.396307,-0.0181345,-0.0127773,-0.01402,-0.00694979,9
22.71,-0.00267255,0.00247019,-0.0020684,0.00235384,0.000163665,-0.00108799,-0.000444409,-0.00101677,9
22.72,-0.0232342,-0.0195254,0.0315713,0.040276,-0.0956444,-0.101831,-0.156727,-0.175132,9
22.73,-0.000800124,0.000529435,-0.000493585,0.00111041,0.000271809,-0.000835066,-0.000507882,-0.00103349,9
22.74,0.00165956,-0.00192431,0.00206433,-0.00144691,0.000215344,-0.000724681,-0.000543145,-0.00113474,9
22.75,0.00227364,-0.00255559,0.00240912,-0.00179648,0.000275092,-0.000840714,-0.000514842,-0.00103793,9
22.76,0.000549564,-0.000830724,0.000806523,-0.000200403,0.00027471,-0.00084139,-0.000521605,-0.00104118,9
22.77,-0.00153607,0.00125475,-0.00126556,0.00187515,0.000267353,-0.000833761,-0.000528397,-0.00104437,9
22.78,-0.00219366,0.00191196,-0.00193897,0.00254926,0.000266112,-0.000831819,-0.000522869,-0.00104032,9
22.79,-0.00108992,0.000807615,-0.000830297,0.00144119,0.000262301,-0.000827494,-0.000520433,-0.00103889,9
22.8,0.0005829,-0.000866087,0.000842562,-0.000230518,0.000261645,-0.000827231,-0.000520093,-0.00103886,9
22.81,0.0013116,-0.00159573,0.00156957,-0.000955891,0.000264466,-0.000831148,-0.000521146,-0.00103926,9
22.82,0.000609852,-0.000894737,0.000868451,-0.000252695,0.000267061,-0.000834732,-0.000522856,-0.00103959,9
22.83,-0.000716354,0.000430945,-0.000456307,0.00107406,0.000267015,-0.000834976,-0.000523466,-0.00103909,9
22.84,-0.00144725,0.00116139,-0.00118596,0.00180525,0.00026446,-0.000832114,-0.00052245,-0.00103785,9
22.85,-0.00104946,0.000763021,-0.000787773,0.00140821,0.000261583,-0.00082892,-0.0005208,-0.00103664,9
22.86,-3.00865e-05,-0.000257122,0.000231195,0.000390391,0.000260545,-0.000828064,-0.000519885,-0.00103604,9
22.87,0.000648056,-0.000936108,0.000908871,-0.000285797,0.000261618,-0.000829824,-0.00052024,-0.00103605,9
22.88,0.000454124,-0.000742941,0.000715128,-9.02404e-05,0.000263221,-0.0008322,-0.000521233,-0.00103614,9
22.89,-0.000321403,3.1968e-05,-5.95113e-05,0.000686252,0.000263552,-0.00083295,-0.00052178,-0.00103578,9
22.9,-0.000934746,0.000644772,-0.000671828,0.00130018,0.000262147,-0.000831542,-0.000521332,-0.00103491,9
22.91,-0.000889422,0.000598861,-0.000625941,0.00125563,0.000260086,-0.000829356,-0.000520261,-0.00103392,9
22.92,-0.000323344,3.20839e-05,-5.98866e-05,0.000690838,0.000258845,-0.000828225,-0.000519413,-0.00103322,9
22.93,0.000201702,-0.000493736,0.000464954,0.000167421,0.000258977,-0.000828806,-0.000519319,-0.00103292,9
22.94,0.000241175,-0.00053396,0.000504541,0.000129479,0.000259777,-0.000830194,-0.000519781,-0.00103278,9
22.95,-0.000170349,-0.0001231,9.36131e-05,0.000542134,0.000260068,-0.00083092,-0.000520153,-0.00103245,9
22.96,-0.000618836,0.000324788,-0.000354071,0.000991436,0.00025927,-0.000830288,-0.000519957,-0.00103178,9
22.97,-0.000719418,0.000424764,-0.000454057,0.00109286,0.000257813,-0.000828854,-0.000519262,-0.00103096,9
22.98,-0.0004403,0.000144977,-0.000174729,0.000814878,0.000256616,-0.000827769,-0.000518548,-0.00103025,9
22.99,-7.81632e-05,-0.000217887,0.000187411,0.000454148,0.000256238,-0.000827709,-0.00051824,-0.00102978,9
23,4.29233e-05,-0.000339703,0.000308627,0.000334477,0.000256448,-0.000828371,-0.000518346,-0.00102947,9
23.01,-0.000148145,-0.000149319,0.000117995,0.000526737,0.000256542,-0.00082887,-0.000518516,-0.0010291,9
23.02,-0.000445919,0.000147819,-0.000179144,0.000825466,0.00025601,-0.000828584,-0.000518393,-0.00102853,9
23.03,-0.000584087,0.000285359,-0.00031674,0.000964543,0.000254942,-0.000827641,-0.000517915,-0.00102782,9
23.04,-0.00047148,0.000172094,-0.000203797,0.000853002,0.000253867,-0.000826705,-0.000517328,-0.00102713,9
23.05,-0.000244178,-5.59067e-05,2.36621e-05,0.000626955,0.000253232,-0.000826325,-0.000516929,-0.00102658,9
23.06,-0.000116191,-0.000184605,0.00015183,0.000500276,0.000253039,-0.00082649,-0.000516808,-0.00102615,9
23.07,-0.000185554,-0.000115932,8.2828e-05,0.000570833,0.000252902,-0.000826714,-0.000516798,-0.00102572,9
23.08,-0.000367702,6.55584e-05,-9.87986e-05,0.000754011,0.000252437,-0.000826526,-0.000516656,-0.00102518,9
23.09,-0.000494318,0.00019153,-0.000224886,0.000881588,0.000251588,-0.000825864,-0.000516283,-0.00102453,9
23.1,-0.000469132,0.000165686,-0.000199301,0.000857433,0.000250626,-0.000825072,-0.000515784,-0.00102387,9
23.11,-0.000339473,3.53439e-05,-6.93791e-05,0.00072893,0.00024987,-0.000824544,-0.000515352,-0.00102328,9
23.12,-0.00023489,-6.99351e-05,3.54433e-05,0.000625564,0.00024941,-0.000824382,-0.000515088,-0.00102277,9
23.13,-0.00024464,-6.08746e-05,2.60295e-05,0.000636479,0.00024906,-0.000824352,-0.000514931,-0.00102228,9
23.14,-0.000347461,4.12776e-05,-7.634e-05,0.00074036,0.00024856,-0.000824132,-0.000514729,-0.00102174,9
23.15,-0.000445887,0.000139046,-0.000174278,0.000839778,0.000247806,-0.000823599,-0.000514386,-0.00102112,9
23.16,-0.000460515,0.000153014,-0.000188482,0.00085542,0.000246918,-0.000822905,-0.000513935,-0.00102048,9
23.17,-0.000395087,8.69112e-05,-0.000122723,0.000791081,0.000246103,-0.000822308,-0.000513488,-0.00101986,9
23.18,-0.000321129,1.22662e-05,-4.84714e-05,0.000718264,0.000245467,-0.000821934,-0.000513133,-0.0010193,9
23.19,-0.000307033,-2.51565e-06,-3.40376e-05,0.000705292,0.000244938,-0.000821691,-0.00051286,-0.00101876,9
23.2,-0.000360188,4.99649e-05,-8.67776e-05,0.000759507,0.000244354,-0.000821378,-0.000512583,-0.0010182,9
23.21,-0.000429605,0.000118718,-0.000155739,0.000829928,0.000243614,-0.000820872,-0.000512226,-0.00101759,9
23.22,-0.000457946,0.000146394,-0.000183647,0.000859269,0.000242755,-0.000820223,-0.000511786,-0.00101696,9
23.23,-0.000431354,0.00011913,-0.000156681,0.000833718,0.0002419,-0.000819583,-0.000511324,-0.00101633,9
23.24,-0.000384914,7.20095e-05,-0.000109904,0.000788358,0.000241141,-0.000819065,-0.000510904,-0.00101573,9
23.25,-0.000365569,5.1983e-05,-9.02076e-05,0.000770092,0.000240464,-0.000818649,-0.000510537,-0.00101515,9
23.26,-0.00039035,7.60873e-05,-0.000114588,0.000795914,0.000239778,-0.000818219,-0.000510183,-0.00101456,9
23.27,-0.000436224,0.000121292,-0.000160026,0.000842787,0.000239,-0.000817678,-0.000509785,-0.00101395,9
23.28,-0.000465604,0.000150004,-0.000188972,0.000873151,0.00023813,-0.000817025,-0.000509329,-0.00101331,9
23.29,-0.000460533,0.000144262,-0.000183501,0.000869082,0.000237234,-0.000816343,-0.000508842,-0.00101266,9
23.3,-0.000435133,0.000118186,-0.00015773,0.00084471,0.000236379,-0.000815716,-0.000508367,-0.00101203,9
23.31,-0.000418868,0.000101243,-0.000141094,0.000829478,0.000235578,-0.000815156,-0.000507923,-0.00101142,9
23.32,-0.000429171,0.00011087,-0.000150998,0.000840793,0.000234784,-0.000814605,-0.000507492,-0.0010108,9
23.33,-0.000458335,0.000139361,-0.000179735,0.000870937,0.000233938,-0.000813991,-0.000507039,-0.00101017,9
23.34,-0.000483763,0.000164119,-0.000204728,0.000897328,0.000233025,-0.000813296,-0.000506545,-0.00100952,9
23.35,-0.000489421,0.000169106,-0.00020997,0.000903954,0.000232075,-0.00081256,-0.000506021,-0.00100887,9
23.36,-0.000478557,0.000157568,-0.00019871,0.000894072,0.000231136,-0.000811838,-0.000505493,-0.00100821,9
23.37,-0.000468111,0.000146446,-0.000187872,0.000884612,0.000230224,-0.000811153,-0.000504979,-0.00100757,9
23.38,-0.000472265,0.000149924,-0.00019162,0.000889741,0.000229321,-0.000810479,-0.000504473,-0.00100692,9
23.39,-0.000490751,0.000167737,-0.000209679,0.00090918,0.000228389,-0.000809772,-0.000503955,-0.00100627,9
23.4,-0.000511193,0.000187508,-0.000229685,0.000930557,0.000227408,-0.000809006,-0.000503409,-0.0010056,9
23.41,-0.000521433,0.000197077,-0.000239496,0.00094173,0.000226391,-0.000808199,-0.000502836,-0.00100493,9
23.42,-0.000519874,0.000194845,-0.000237521,0.00094111,0.000225365,-0.000807384,-0.000502251,-0.00100425,9
23.43,-0.000515299,0.000189595,-0.000232534,0.000937476,0.000224349,-0.000806583,-0.000501668,-0.00100358,9
23.44,-0.00051786,0.000191482,-0.000234678,0.00094097,0.000223336,-0.000805788,-0.000501087,-0.0010029,9
23.45,-0.000530224,0.000203172,-0.00024661,0.000954252,0.000222305,-0.000804972,-0.000500497,-0.00100223,9
23.46,-0.000546389,0.000218666,-0.000262334,0.000971319,0.000221238,-0.000804115,-0.000499887,-0.00100154,9
23.47,-0.000558074,0.000229679,-0.000273579,0.0009839,0.000220138,-0.00080322,-0.000499254,-0.00100084,9
23.48,-0.000562117,0.000233051,-0.000277189,0.000988838,0.00021902,-0.000802306,-0.000498605,-0.00100014,9
23.49,-0.000562426,0.000232686,-0.000277069,0.000990042,0.000217899,-0.00080139,-0.00049795,-0.000999437,9
23.5,-0.000565613,0.000235199,-0.000279824,0.000994117,0.000216774,-0.000800473,-0.000497292,-0.000998734,9
23.51,-0.000574959,0.000243873,-0.000288729,0.00100434,0.000215635,-0.00079954,-0.000496625,-0.000998027,9
23.52,-0.000588105,0.000256347,-0.000301426,0.00101835,0.000214467,-0.000798576,-0.000495942,-0.000997313,9
23.53,-0.000599888,0.000267458,-0.000312757,0.00103099,0.00021327,-0.000797577,-0.000495238,-0.000996591,9
23.54,-0.000607157,0.000274055,-0.000319578,0.00103911,0.00021205,-0.000796555,-0.000494517,-0.000995864,9
23.55,-0.00061117,0.000277395,-0.000323145,0.00104396,0.000210818,-0.00079552,-0.000493785,-0.000995134,9
23.56,-0.000615874,0.000281427,-0.000327402,0.00104951,0.000209577,-0.000794477,-0.000493045,-0.000994402,9
23.57,-0.000624153,0.000289033,-0.000335228,0.00105862,0.00020832,-0.000793418,-0.000492295,-0.000993666,9
23.58,-0.000635517,0.000299726,-0.000346132,0.0010708,0.000207039,-0.000792333,-0.000491529,-0.000992923,9
23.59,-0.00064702,0.000310557,-0.000357171,0.00108311,0.000205731,-0.000791217,-0.000490745,-0.000992173,9
23.6,-0.00065613,0.000318996,-0.000365818,0.00109303,0.000204398,-0.000790075,-0.000489943,-0.000991418,9
23.61,-0.000662833,0.000325027,-0.000372059,0.00110052,0.000203047,-0.000788914,-0.000489126,-0.000990658,9
23.62,-0.000669276,0.000330797,-0.000378038,0.00110776,0.000201681,-0.000787738,-0.000488298,-0.000989895,9
23.63,-0.000677623,0.000338472,-0.000385918,0.00111688,0.000200298,-0.000786544,-0.000487457,-0.000989127,9
23.64,-0.000688207,0.000348385,-0.000396029,0.00112824,0.000198892,-0.000785326,-0.000486601,-0.000988354,9
23.65,-0.000699516,0.000359023,-0.000406861,0.00114031,0.000197459,-0.00078408,-0.000485726,-0.000987574,9
23.66,-0.000709752,0.000368588,-0.000416619,0.00115129,0.000196001,-0.000782806,-0.000484833,-0.000986788,9
